Gene,Class,Feature
YALI0A00154g,changed_regulation,
YALI0A00212g,changed_regulation,
YALI0A00330g,control_overexpressed,
YALI0A00396g,changed_regulation,
YALI0A00506g,changed_regulation,
YALI0A00616g,changed_regulation,
YALI0A00638g,control_upregulated,
YALI0A00682g,changed_regulation,
YALI0A00847g,case_overexpressed,
YALI0A00979g,changed_regulation,
YALI0A01023g,control_overexpressed,
YALI0A01067g,changed_regulation,
YALI0A01133g,changed_regulation,
YALI0A01419g,control_upregulated,
YALI0A01452g,changed_regulation,
YALI0A01485g,control_overexpressed,
YALI0A01738g,control_upregulated,
YALI0A01760g,control_upregulated,
YALI0A01892g,control_upregulated,
YALI0A02046g,control_upregulated,
YALI0A02156g,changed_regulation,
YALI0A02178g,changed_regulation,
YALI0A02288g,changed_regulation,
YALI0A02310g,case_overexpressed,
YALI0A02332g,control_overexpressed,
YALI0A02354g,changed_regulation,
YALI0A02423g,changed_regulation,
YALI0A02453g,control_overexpressed,
YALI0A02497g,case_upregulated,Mutated_Gene
YALI0A02585g,control_overexpressed,
YALI0A02651g,control_upregulated,
YALI0A02673g,case_overexpressed,
YALI0A02717g,changed_regulation,
YALI0A02783g,control_overexpressed,
YALI0A02871g,changed_regulation,
YALI0A02915g,control_upregulated,
YALI0A02959g,changed_regulation,
YALI0A03003g,control_upregulated,
YALI0A03025g,case_upregulated,
YALI0A03553g,changed_regulation,
YALI0A03597g,case_overexpressed,
YALI0A03641g,control_upregulated,
YALI0A03685g,control_overexpressed,
YALI0A03773g,changed_regulation,
YALI0A03817g,control_overexpressed,
YALI0A03883g,control_upregulated,Mutated_Gene
YALI0A03905g,changed_regulation,
YALI0A04191g,case_upregulated,
YALI0A04301g,control_upregulated,
YALI0A04323g,case_overexpressed,
YALI0A04345g,changed_regulation,
YALI0A04367g,control_overexpressed,
YALI0A04455g,case_overexpressed,
YALI0A04653g,control_upregulated,
YALI0A04675g,case_overexpressed,
YALI0A04697g,changed_regulation,
YALI0A04785g,changed_regulation,
YALI0A04873g,case_upregulated,
YALI0A04895g,changed_regulation,
YALI0A04917g,changed_regulation,
YALI0A04961g,changed_regulation,
YALI0A04983g,case_upregulated,
YALI0A05115g,control_overexpressed,
YALI0A05137g,control_overexpressed,
YALI0A05159g,changed_regulation,
YALI0A05379g,control_overexpressed,
YALI0A05423g,changed_regulation,
YALI0A05555g,changed_regulation,
YALI0A05577g,control_overexpressed,
YALI0A05885g,changed_regulation,
YALI0A05929g,control_overexpressed,
YALI0A05951g,changed_regulation,
YALI0A05995g,changed_regulation,
YALI0A06435g,changed_regulation,
YALI0A06479g,changed_regulation,
YALI0A06501g,control_upregulated,
YALI0A06523g,changed_regulation,
YALI0A06589g,changed_regulation,
YALI0A06611g,control_overexpressed,
YALI0A06633g,control_overexpressed,
YALI0A06677g,changed_regulation,
YALI0A06765g,changed_regulation,
YALI0A06787g,changed_regulation,
YALI0A06908g,changed_regulation,
YALI0A06974g,changed_regulation,
YALI0A06996g,control_upregulated,
YALI0A07018g,case_upregulated,
YALI0A07062g,changed_regulation,
YALI0A07733g,case_upregulated,
YALI0A07799g,control_upregulated,
YALI0A07821g,changed_regulation,
YALI0A07887g,control_upregulated,
YALI0A07997g,control_overexpressed,
YALI0A08041g,changed_regulation,
YALI0A08151g,changed_regulation,
YALI0A08165g,control_overexpressed,
YALI0A08239g,case_upregulated,
YALI0A08536g,case_upregulated,
YALI0A08646g,changed_regulation,
YALI0A08734g,changed_regulation,
YALI0A09042g,changed_regulation,
YALI0A09064g,changed_regulation,
YALI0A09086g,case_overexpressed,
YALI0A09284g,case_overexpressed,
YALI0A09383g,changed_regulation,
YALI0A09427g,control_overexpressed,
YALI0A09438g,control_upregulated,
YALI0A09449g,changed_regulation,
YALI0A09537g,control_overexpressed,
YALI0A09559g,changed_regulation,
YALI0A09592g,changed_regulation,
YALI0A09658g,changed_regulation,
YALI0A09680g,control_overexpressed,
YALI0A09768g,case_upregulated,
YALI0A09812g,changed_regulation,
YALI0A09834g,control_overexpressed,
YALI0A09856g,changed_regulation,
YALI0A09878g,control_upregulated,
YALI0A09900g,case_upregulated,
YALI0A09933g,control_upregulated,
YALI0A09988g,control_upregulated,
YALI0A10274g,case_overexpressed,
YALI0A10310g,control_upregulated,
YALI0A10362g,case_overexpressed,
YALI0A10571g,changed_regulation,
YALI0A10615g,control_overexpressed,
YALI0A10637g,control_overexpressed,Transcription_Factor
YALI0A10681g,changed_regulation,
YALI0A10703g,case_overexpressed,
YALI0A10747g,changed_regulation,
YALI0A10967g,control_overexpressed,
YALI0A11143g,case_overexpressed,
YALI0A11407g,changed_regulation,
YALI0A11671g,changed_regulation,
YALI0A11869g,control_overexpressed,
YALI0A12001g,control_overexpressed,
YALI0A12023g,control_overexpressed,
YALI0A12067g,changed_regulation,
YALI0A12177g,case_overexpressed,
YALI0A12353g,control_overexpressed,
YALI0A12441g,control_overexpressed,
YALI0A12507g,changed_regulation,
YALI0A12969g,changed_regulation,
YALI0A13233g,changed_regulation,Mutated_Gene
YALI0A13277g,changed_regulation,
YALI0A13299g,changed_regulation,
YALI0A13497g,control_overexpressed,
YALI0A14212g,control_overexpressed,
YALI0A14322g,changed_regulation,
YALI0A14388g,control_overexpressed,
YALI0A14476g,control_overexpressed,
YALI0A14498g,case_overexpressed,
YALI0A14520g,control_overexpressed,
YALI0A14608g,changed_regulation,
YALI0A14630g,changed_regulation,
YALI0A14707g,control_overexpressed,
YALI0A14740g,changed_regulation,
YALI0A14784g,control_overexpressed,
YALI0A14839g,control_overexpressed,
YALI0A14883g,changed_regulation,
YALI0A15257g,case_upregulated,
YALI0A15422g,control_upregulated,
YALI0A15554g,control_overexpressed,
YALI0A15576g,control_overexpressed,
YALI0A15906g,control_overexpressed,
YALI0A15950g,case_overexpressed,
YALI0A15972g,case_upregulated,
YALI0A16214g,case_upregulated,
YALI0A16720g,control_overexpressed,
YALI0A16841g,case_upregulated,Transcription_Factor
YALI0A17020g,changed_regulation,
YALI0A17061g,control_overexpressed,
YALI0A17127g,changed_regulation,
YALI0A17193g,changed_regulation,
YALI0A17281g,case_upregulated,
YALI0A17292g,changed_regulation,
YALI0A17314g,control_upregulated,
YALI0A17358g,control_upregulated,
YALI0A17380g,changed_regulation,
YALI0A17468g,changed_regulation,
YALI0A17831g,case_overexpressed,
YALI0A17919g,case_upregulated,
YALI0A17946g,control_upregulated,
YALI0A18161g,control_overexpressed,
YALI0A18227g,changed_regulation,
YALI0A18271g,control_overexpressed,
YALI0A18293g,changed_regulation,
YALI0A18315g,control_overexpressed,
YALI0A18337g,changed_regulation,
YALI0A18381g,changed_regulation,Mutated_Gene
YALI0A18403g,control_overexpressed,
YALI0A18425g,changed_regulation,
YALI0A18469g,changed_regulation,Transcription_Factor
YALI0A18678g,changed_regulation,
YALI0A18700g,changed_regulation,
YALI0A18766g,changed_regulation,
YALI0A18788g,changed_regulation,
YALI0A18810g,changed_regulation,
YALI0A18986g,case_upregulated,
YALI0A19030g,changed_regulation,
YALI0A19074g,changed_regulation,
YALI0A19162g,control_overexpressed,
YALI0A19206g,case_upregulated,
YALI0A19404g,control_overexpressed,
YALI0A19426g,case_overexpressed,
YALI0A19448g,case_overexpressed,
YALI0A19470g,case_upregulated,
YALI0A19536g,changed_regulation,
YALI0A19580g,control_overexpressed,
YALI0A19624g,control_overexpressed,
YALI0A19646g,changed_regulation,
YALI0A19712g,changed_regulation,
YALI0A19756g,changed_regulation,
YALI0A19844g,changed_regulation,
YALI0A19888g,case_upregulated,
YALI0A19910g,case_upregulated,
YALI0A19932g,case_overexpressed,
YALI0A19954g,changed_regulation,
YALI0A19976g,control_upregulated,
YALI0A20064g,control_overexpressed,
YALI0A20174g,changed_regulation,
YALI0A20207g,changed_regulation,
YALI0A20273g,control_overexpressed,
YALI0A20295g,control_overexpressed,
YALI0A20350g,case_overexpressed,
YALI0A20372g,control_overexpressed,
YALI0A20438g,changed_regulation,
YALI0A20518g,changed_regulation,
YALI0A20570g,case_overexpressed,
YALI0A20592g,case_overexpressed,
YALI0A20614g,changed_regulation,
YALI0A20658g,control_overexpressed,
YALI0A20680g,changed_regulation,
YALI0A20746g,changed_regulation,
YALI0A20790g,case_overexpressed,
YALI0A20867g,case_upregulated,
YALI0A20922g,case_upregulated,
YALI0A20988g,changed_regulation,
YALI0A21010g,case_overexpressed,
YALI0A21131g,changed_regulation,
YALI0A21153g,case_overexpressed,
YALI0A21175g,control_overexpressed,
YALI0A21263g,control_overexpressed,
YALI0A21307g,case_upregulated,
YALI0A21351g,control_overexpressed,
YALI0A21373g,control_overexpressed,
YALI0A21417g,changed_regulation,
YALI0A21439g,case_overexpressed,
YALI0A21461g,changed_regulation,
YALI0B00198g,control_overexpressed,
YALI0B00264g,control_overexpressed,
YALI0B00308g,changed_regulation,
YALI0B00660g,case_overexpressed,Transcription_Factor
YALI0B00704g,case_overexpressed,
YALI0B00770g,changed_regulation,
YALI0B00792g,control_upregulated,
YALI0B00814g,case_overexpressed,
YALI0B00924g,case_upregulated,
YALI0B01012g,changed_regulation,
YALI0B01034g,changed_regulation,
YALI0B01166g,case_upregulated,
YALI0B01254g,changed_regulation,
YALI0B01276g,changed_regulation,
YALI0B01298g,changed_regulation,
YALI0B01320g,control_overexpressed,
YALI0B01342g,changed_regulation,
YALI0B01364g,changed_regulation,
YALI0B01408g,changed_regulation,
YALI0B01430g,changed_regulation,
YALI0B01540g,control_upregulated,
YALI0B01562g,changed_regulation,
YALI0B01738g,changed_regulation,
YALI0B01782g,changed_regulation,
YALI0B01804g,changed_regulation,
YALI0B01826g,changed_regulation,
YALI0B01848g,control_overexpressed,
YALI0B01980g,control_overexpressed,
YALI0B02178g,case_upregulated,
YALI0B02222g,control_overexpressed,
YALI0B02332g,case_upregulated,
YALI0B02409g,case_upregulated,
YALI0B02420g,changed_regulation,
YALI0B02544g,case_upregulated,
YALI0B02574g,control_overexpressed,
YALI0B02662g,changed_regulation,
YALI0B02684g,changed_regulation,
YALI0B02728g,case_upregulated,
YALI0B02838g,case_upregulated,
YALI0B02948g,case_overexpressed,
YALI0B03080g,changed_regulation,
YALI0B03102g,control_overexpressed,
YALI0B03124g,changed_regulation,
YALI0B03190g,control_overexpressed,
YALI0B03234g,control_upregulated,
YALI0B03278g,changed_regulation,
YALI0B03300g,control_overexpressed,
YALI0B03322g,changed_regulation,
YALI0B03366g,changed_regulation,
YALI0B03476g,changed_regulation,
YALI0B03542g,changed_regulation,
YALI0B03564g,case_overexpressed,
YALI0B03575g,changed_regulation,
YALI0B03630g,changed_regulation,
YALI0B03718g,control_overexpressed,
YALI0B03762g,case_upregulated,
YALI0B03784g,changed_regulation,
YALI0B03916g,case_overexpressed,
YALI0B03960g,case_upregulated,
YALI0B03982g,changed_regulation,
YALI0B04004g,changed_regulation,
YALI0B04048g,changed_regulation,
YALI0B04136g,changed_regulation,
YALI0B04180g,changed_regulation,
YALI0B04202g,case_overexpressed,
YALI0B04224g,changed_regulation,
YALI0B04290g,changed_regulation,
YALI0B04312g,case_upregulated,
YALI0B04356g,control_overexpressed,
YALI0B04400g,changed_regulation,
YALI0B04422g,changed_regulation,
YALI0B04488g,changed_regulation,
YALI0B04510g,changed_regulation,Transcription_Factor
YALI0B04532g,control_overexpressed,
YALI0B04598g,control_overexpressed,
YALI0B04620g,changed_regulation,
YALI0B04642g,control_overexpressed,
YALI0B04708g,changed_regulation,
YALI0B04752g,control_upregulated,
YALI0B04796g,changed_regulation,
YALI0B04851g,changed_regulation,
YALI0B04906g,control_overexpressed,
YALI0B04928g,changed_regulation,
YALI0B04972g,changed_regulation,
YALI0B05038g,case_overexpressed,Transcription_Factor
YALI0B05236g,control_overexpressed,
YALI0B05302g,changed_regulation,
YALI0B05346g,case_overexpressed,
YALI0B05434g,case_overexpressed,
YALI0B05456g,control_overexpressed,
YALI0B05478g,changed_regulation,Transcription_Factor
YALI0B05566g,case_upregulated,
YALI0B05610g,control_upregulated,
YALI0B05632g,control_upregulated,
YALI0B05676g,control_overexpressed,
YALI0B05698g,control_upregulated,
YALI0B05808g,case_upregulated,
YALI0B05852g,changed_regulation,
YALI0B05874g,changed_regulation,
YALI0B05918g,control_overexpressed,
YALI0B05940g,control_overexpressed,
YALI0B05962g,case_overexpressed,
YALI0B06006g,control_overexpressed,
YALI0B06116g,control_overexpressed,
YALI0B06138g,control_overexpressed,
YALI0B06160g,control_overexpressed,
YALI0B06413g,changed_regulation,
YALI0B06534g,control_upregulated,
YALI0B06578g,control_upregulated,
YALI0B06600g,changed_regulation,
YALI0B06688g,case_overexpressed,
YALI0B06754g,control_overexpressed,
YALI0B06897g,control_upregulated,
YALI0B06963g,changed_regulation,
YALI0B06985g,changed_regulation,
YALI0B07073g,control_overexpressed,
YALI0B07117g,control_overexpressed,
YALI0B07161g,changed_regulation,
YALI0B07271g,control_overexpressed,
YALI0B07293g,control_overexpressed,
YALI0B07403g,case_overexpressed,
YALI0B07513g,changed_regulation,
YALI0B07601g,case_overexpressed,
YALI0B07623g,changed_regulation,
YALI0B07645g,control_overexpressed,
YALI0B07667g,control_overexpressed,
YALI0B07689g,control_overexpressed,
YALI0B07755g,changed_regulation,
YALI0B08030g,control_overexpressed,
YALI0B08118g,case_upregulated,
YALI0B08140g,changed_regulation,
YALI0B08206g,changed_regulation,Transcription_Factor
YALI0B08272g,case_upregulated,
YALI0B08338g,control_overexpressed,
YALI0B08360g,control_upregulated,
YALI0B08448g,changed_regulation,
YALI0B08492g,control_overexpressed,
YALI0B08514g,changed_regulation,
YALI0B08558g,changed_regulation,
YALI0B08690g,changed_regulation,
YALI0B08748g,control_upregulated,
YALI0B08778g,changed_regulation,
YALI0B08800g,changed_regulation,
YALI0B09031g,changed_regulation,
YALI0B09075g,control_upregulated,
YALI0B09119g,changed_regulation,
YALI0B09229g,case_overexpressed,
YALI0B09251g,control_overexpressed,
YALI0B09273g,case_upregulated,
YALI0B09295g,control_upregulated,
YALI0B09383g,control_overexpressed,
YALI0B09427g,control_overexpressed,
YALI0B09471g,control_overexpressed,
YALI0B09537g,control_overexpressed,
YALI0B09559g,control_overexpressed,
YALI0B09603g,changed_regulation,
YALI0B09647g,changed_regulation,
YALI0B09812g,control_overexpressed,
YALI0B09889g,control_upregulated,
YALI0B09991g,changed_regulation,
YALI0B09999g,changed_regulation,
YALI0B10021g,control_overexpressed,
YALI0B10109g,control_overexpressed,
YALI0B10274g,control_overexpressed,
YALI0B10340g,changed_regulation,
YALI0B10406g,changed_regulation,
YALI0B10450g,changed_regulation,
YALI0B10516g,case_upregulated,
YALI0B10604g,case_overexpressed,
YALI0B10736g,case_overexpressed,
YALI0B10780g,changed_regulation,
YALI0B10802g,control_overexpressed,
YALI0B10824g,control_overexpressed,
YALI0B10846g,control_overexpressed,
YALI0B10890g,control_overexpressed,
YALI0B10978g,control_overexpressed,
YALI0B11022g,changed_regulation,
YALI0B11066g,control_overexpressed,
YALI0B11198g,control_upregulated,
YALI0B11330g,case_overexpressed,
YALI0B11352g,control_upregulated,
YALI0B11418g,changed_regulation,
YALI0B11440g,case_overexpressed,
YALI0B11462g,control_overexpressed,
YALI0B11726g,control_overexpressed,
YALI0B11770g,changed_regulation,
YALI0B11814g,changed_regulation,
YALI0B11836g,control_upregulated,
YALI0B11968g,control_upregulated,
YALI0B12034g,control_upregulated,
YALI0B12188g,control_overexpressed,
YALI0B12298g,changed_regulation,
YALI0B12320g,changed_regulation,
YALI0B12364g,control_upregulated,
YALI0B12386g,case_overexpressed,
YALI0B12430g,control_overexpressed,
YALI0B12452g,control_upregulated,
YALI0B12540g,changed_regulation,
YALI0B12584g,control_overexpressed,
YALI0B12628g,changed_regulation,
YALI0B12694g,changed_regulation,
YALI0B12716g,changed_regulation,Transcription_Factor
YALI0B12738g,changed_regulation,
YALI0B12760g,changed_regulation,
YALI0B12804g,changed_regulation,
YALI0B12892g,control_overexpressed,
YALI0B13090g,case_overexpressed,
YALI0B13178g,control_overexpressed,
YALI0B13200g,changed_regulation,Transcription_Factor
YALI0B13222g,control_overexpressed,
YALI0B13310g,case_upregulated,
YALI0B13376g,control_overexpressed,
YALI0B13420g,case_overexpressed,
YALI0B13486g,changed_regulation,
YALI0B13530g,case_upregulated,
YALI0B13618g,changed_regulation,
YALI0B13640g,changed_regulation,Transcription_Factor
YALI0B13662g,control_upregulated,
YALI0B13816g,changed_regulation,
YALI0B13860g,control_upregulated,
YALI0B13904g,control_overexpressed,
YALI0B13948g,case_upregulated,
YALI0B13970g,case_overexpressed,
YALI0B14014g,case_overexpressed,
YALI0B14058g,control_upregulated,
YALI0B14102g,case_upregulated,
YALI0B14201g,case_overexpressed,
YALI0B14289g,case_upregulated,
YALI0B14377g,case_upregulated,
YALI0B14399g,case_upregulated,
YALI0B14443g,case_upregulated,
YALI0B14531g,case_upregulated,
YALI0B14597g,control_overexpressed,
YALI0B14619g,control_overexpressed,
YALI0B14641g,changed_regulation,
YALI0B14685g,case_overexpressed,
YALI0B14773g,control_upregulated,Transcription_Factor
YALI0B14795g,case_overexpressed,
YALI0B14839g,control_overexpressed,
YALI0B14861g,control_upregulated,
YALI0B14905g,changed_regulation,
YALI0B14927g,control_overexpressed,
YALI0B15037g,control_upregulated,
YALI0B15125g,case_upregulated,
YALI0B15202g,changed_regulation,
YALI0B15312g,changed_regulation,Transcription_Factor
YALI0B15356g,changed_regulation,
YALI0B15378g,changed_regulation,
YALI0B15400g,changed_regulation,
YALI0B15422g,case_upregulated,
YALI0B15444g,case_overexpressed,
YALI0B15510g,case_upregulated,
YALI0B15598g,case_upregulated,
YALI0B15708g,control_upregulated,
YALI0B15722g,control_overexpressed,
YALI0B16060g,changed_regulation,
YALI0B16082g,changed_regulation,
YALI0B16126g,case_overexpressed,
YALI0B16148g,case_overexpressed,
YALI0B16192g,changed_regulation,
YALI0B16214g,case_overexpressed,
YALI0B16280g,changed_regulation,
YALI0B16324g,changed_regulation,
YALI0B16412g,changed_regulation,
YALI0B16500g,changed_regulation,
YALI0B16566g,changed_regulation,
YALI0B16610g,control_upregulated,
YALI0B16632g,case_overexpressed,
YALI0B16654g,changed_regulation,
YALI0B16676g,changed_regulation,
YALI0B16742g,control_upregulated,
YALI0B16786g,changed_regulation,
YALI0B16896g,changed_regulation,
YALI0B17050g,case_overexpressed,
YALI0B17072g,control_overexpressed,
YALI0B17182g,control_overexpressed,
YALI0B17204g,control_overexpressed,
YALI0B17226g,changed_regulation,
YALI0B17303g,control_overexpressed,
YALI0B17336g,changed_regulation,
YALI0B17402g,case_upregulated,
YALI0B17424g,control_upregulated,
YALI0B17446g,changed_regulation,
YALI0B17468g,changed_regulation,
YALI0B17622g,changed_regulation,
YALI0B17688g,case_overexpressed,
YALI0B17710g,changed_regulation,
YALI0B17732g,control_upregulated,
YALI0B17754g,control_upregulated,
YALI0B17798g,control_overexpressed,
YALI0B17842g,control_overexpressed,
YALI0B17886g,control_upregulated,
YALI0B17996g,case_overexpressed,
YALI0B18150g,changed_regulation,
YALI0B18172g,control_overexpressed,
YALI0B18194g,control_overexpressed,Mutated_Gene
YALI0B18216g,changed_regulation,
YALI0B18260g,control_overexpressed,
YALI0B18282g,changed_regulation,
YALI0B18298g,case_overexpressed,
YALI0B18326g,changed_regulation,
YALI0B18480g,changed_regulation,
YALI0B18502g,changed_regulation,
YALI0B18546g,changed_regulation,
YALI0B18568g,case_overexpressed,
YALI0B18612g,control_overexpressed,
YALI0B18634g,changed_regulation,
YALI0B18744g,case_overexpressed,
YALI0B18788g,control_upregulated,
YALI0B18810g,control_overexpressed,
YALI0B18854g,changed_regulation,
YALI0B18920g,case_overexpressed,
YALI0B18986g,control_overexpressed,
YALI0B19162g,changed_regulation,
YALI0B19184g,changed_regulation,
YALI0B19206g,changed_regulation,
YALI0B19250g,changed_regulation,
YALI0B19624g,case_upregulated,
YALI0B19668g,case_upregulated,
YALI0B19712g,changed_regulation,
YALI0B19756g,case_overexpressed,
YALI0B19778g,case_overexpressed,
YALI0B19800g,changed_regulation,
YALI0B19866g,case_overexpressed,
YALI0B19998g,changed_regulation,
YALI0B20064g,case_overexpressed,
YALI0B20086g,control_upregulated,
YALI0B20108g,changed_regulation,
YALI0B20240g,case_overexpressed,
YALI0B20262g,control_overexpressed,
YALI0B20306g,case_overexpressed,
YALI0B20328g,case_overexpressed,
YALI0B20372g,control_upregulated,
YALI0B20394g,changed_regulation,
YALI0B20416g,case_upregulated,
YALI0B20460g,changed_regulation,
YALI0B20504g,changed_regulation,
YALI0B20526g,case_overexpressed,
YALI0B20658g,control_upregulated,
YALI0B20746g,case_upregulated,
YALI0B20790g,case_overexpressed,
YALI0B20878g,changed_regulation,
YALI0B20944g,changed_regulation,Transcription_Factor
YALI0B20988g,control_overexpressed,
YALI0B21010g,control_upregulated,
YALI0B21120g,changed_regulation,
YALI0B21142g,control_overexpressed,
YALI0B21164g,changed_regulation,
YALI0B21186g,changed_regulation,
YALI0B21230g,changed_regulation,
YALI0B21318g,changed_regulation,
YALI0B21384g,changed_regulation,
YALI0B21406g,case_upregulated,
YALI0B21428g,case_upregulated,
YALI0B21472g,case_overexpressed,
YALI0B21494g,case_overexpressed,
YALI0B21516g,changed_regulation,
YALI0B21538g,changed_regulation,
YALI0B21560g,changed_regulation,
YALI0B21582g,case_overexpressed,Transcription_Factor
YALI0B21662g,case_upregulated,
YALI0B21692g,control_overexpressed,
YALI0B21780g,changed_regulation,
YALI0B21824g,control_overexpressed,
YALI0B21846g,control_overexpressed,
YALI0B21868g,control_overexpressed,
YALI0B21890g,changed_regulation,
YALI0B21978g,control_overexpressed,
YALI0B22066g,case_overexpressed,
YALI0B22088g,control_overexpressed,
YALI0B22110g,case_upregulated,
YALI0B22125g,changed_regulation,
YALI0B22132g,control_overexpressed,
YALI0B22198g,case_upregulated,
YALI0B22220g,changed_regulation,
YALI0B22242g,control_overexpressed,
YALI0B22308g,changed_regulation,
YALI0B22374g,control_overexpressed,
YALI0B22396g,changed_regulation,
YALI0B22418g,control_overexpressed,
YALI0B22484g,control_overexpressed,
YALI0B22528g,control_overexpressed,
YALI0B22550g,control_overexpressed,
YALI0B22572g,control_upregulated,
YALI0B22594g,control_overexpressed,
YALI0B22638g,changed_regulation,
YALI0B22660g,control_upregulated,
YALI0B22704g,changed_regulation,
YALI0B22770g,control_overexpressed,
YALI0B22814g,control_overexpressed,
YALI0B22836g,control_upregulated,
YALI0B22946g,control_upregulated,
YALI0B23056g,changed_regulation,
YALI0B23100g,case_overexpressed,
YALI0B23111g,case_overexpressed,
YALI0B23144g,control_upregulated,
YALI0B23276g,changed_regulation,
YALI0B23320g,changed_regulation,
YALI0B23386g,changed_regulation,
YALI0B23408g,case_overexpressed,
YALI0B23474g,control_overexpressed,
YALI0B23496g,control_overexpressed,
YALI0C00165g,control_overexpressed,
YALI0C00209g,case_upregulated,
YALI0C00253g,case_overexpressed,
YALI0C00275g,control_overexpressed,
YALI0C00297g,control_overexpressed,
YALI0C00319g,case_overexpressed,
YALI0C00363g,control_overexpressed,
YALI0C00407g,case_overexpressed,
YALI0C00429g,changed_regulation,
YALI0C00451g,control_overexpressed,
YALI0C00495g,changed_regulation,
YALI0C00550g,control_upregulated,
YALI0C00605g,changed_regulation,
YALI0C00649g,case_overexpressed,
YALI0C00693g,changed_regulation,
YALI0C01045g,control_overexpressed,
YALI0C01133g,changed_regulation,
YALI0C01177g,control_overexpressed,
YALI0C01309g,changed_regulation,
YALI0C01331g,changed_regulation,
YALI0C01375g,changed_regulation,Transcription_Factor
YALI0C01419g,case_overexpressed,
YALI0C01617g,changed_regulation,
YALI0C01760g,changed_regulation,
YALI0C02233g,case_overexpressed,
YALI0C02321g,control_overexpressed,
YALI0C02343g,changed_regulation,
YALI0C02365g,control_upregulated,
YALI0C02409g,case_upregulated,
YALI0C02519g,control_overexpressed,
YALI0C02585g,changed_regulation,
YALI0C02607g,case_overexpressed,
YALI0C02629g,changed_regulation,
YALI0C02717g,control_upregulated,
YALI0C02761g,control_overexpressed,
YALI0C02805g,changed_regulation,
YALI0C02849g,case_overexpressed,
YALI0C02871g,control_overexpressed,
YALI0C02893g,control_overexpressed,
YALI0C02959g,changed_regulation,
YALI0C02981g,case_overexpressed,
YALI0C03003g,changed_regulation,
YALI0C03201g,control_upregulated,
YALI0C03223g,case_overexpressed,
YALI0C03267g,case_overexpressed,
YALI0C03377g,changed_regulation,
YALI0C03443g,changed_regulation,
YALI0C03465g,changed_regulation,
YALI0C03520g,changed_regulation,
YALI0C03564g,changed_regulation,Transcription_Factor
YALI0C03630g,control_upregulated,
YALI0C03696g,changed_regulation,
YALI0C03718g,control_upregulated,
YALI0C03762g,changed_regulation,
YALI0C03784g,changed_regulation,
YALI0C03806g,changed_regulation,
YALI0C03828g,control_overexpressed,
YALI0C03982g,changed_regulation,
YALI0C04004g,changed_regulation,
YALI0C04114g,changed_regulation,
YALI0C04136g,control_overexpressed,
YALI0C04180g,control_overexpressed,
YALI0C04257g,control_upregulated,
YALI0C04345g,changed_regulation,
YALI0C04367g,changed_regulation,
YALI0C04389g,control_overexpressed,
YALI0C04411g,case_overexpressed,
YALI0C04433g,changed_regulation,
YALI0C04477g,case_upregulated,
YALI0C04565g,control_upregulated,
YALI0C04587g,changed_regulation,
YALI0C04774g,case_upregulated,
YALI0C04796g,case_upregulated,
YALI0C04884g,control_overexpressed,
YALI0C05038g,control_overexpressed,
YALI0C05104g,control_overexpressed,
YALI0C05148g,changed_regulation,
YALI0C05170g,case_overexpressed,
YALI0C05280g,control_upregulated,
YALI0C05324g,changed_regulation,
YALI0C05368g,control_overexpressed,
YALI0C05500g,control_overexpressed,
YALI0C05511g,case_overexpressed,
YALI0C05533g,control_overexpressed,
YALI0C05555g,control_upregulated,
YALI0C05577g,control_overexpressed,
YALI0C05665g,changed_regulation,
YALI0C05687g,case_overexpressed,
YALI0C05709g,changed_regulation,
YALI0C05753g,case_overexpressed,
YALI0C05775g,control_overexpressed,
YALI0C05841g,control_overexpressed,
YALI0C05929g,changed_regulation,
YALI0C05951g,case_overexpressed,
YALI0C06061g,control_overexpressed,
YALI0C06193g,case_overexpressed,
YALI0C06237g,changed_regulation,
YALI0C06347g,changed_regulation,
YALI0C06369g,case_overexpressed,
YALI0C06391g,changed_regulation,
YALI0C06460g,case_overexpressed,
YALI0C06490g,case_upregulated,
YALI0C06534g,control_overexpressed,
YALI0C06556g,control_overexpressed,
YALI0C06600g,control_overexpressed,
YALI0C06732g,control_overexpressed,
YALI0C06754g,control_overexpressed,
YALI0C06776g,changed_regulation,
YALI0C06798g,case_upregulated,
YALI0C06842g,changed_regulation,Transcription_Factor
YALI0C06864g,case_overexpressed,
YALI0C06930g,changed_regulation,
YALI0C07018g,control_overexpressed,
YALI0C07150g,control_overexpressed,
YALI0C07172g,changed_regulation,
YALI0C07260g,control_overexpressed,
YALI0C07414g,case_overexpressed,
YALI0C07436g,control_overexpressed,Transcription_Factor
YALI0C07502g,case_upregulated,
YALI0C07568g,changed_regulation,
YALI0C07590g,case_upregulated,
YALI0C07612g,control_overexpressed,
YALI0C07634g,control_overexpressed,
YALI0C07656g,changed_regulation,
YALI0C07678g,changed_regulation,
YALI0C07700g,control_overexpressed,
YALI0C07821g,control_overexpressed,Transcription_Factor
YALI0C07865g,control_upregulated,
YALI0C07887g,control_upregulated,
YALI0C08030g,control_upregulated,
YALI0C08052g,changed_regulation,
YALI0C08096g,changed_regulation,
YALI0C08140g,changed_regulation,
YALI0C08184g,changed_regulation,
YALI0C08206g,changed_regulation,
YALI0C08220g,control_overexpressed,
YALI0C08327g,control_overexpressed,
YALI0C08393g,case_upregulated,
YALI0C08459g,control_upregulated,
YALI0C08635g,changed_regulation,
YALI0C08657g,control_upregulated,
YALI0C08811g,changed_regulation,
YALI0C08833g,control_overexpressed,
YALI0C08855g,control_upregulated,
YALI0C08960g,control_upregulated,
YALI0C08965g,case_overexpressed,
YALI0C09031g,changed_regulation,
YALI0C09119g,control_overexpressed,
YALI0C09284g,control_overexpressed,
YALI0C09350g,control_overexpressed,
YALI0C09460g,changed_regulation,
YALI0C09548g,control_overexpressed,
YALI0C09570g,changed_regulation,
YALI0C09614g,control_overexpressed,
YALI0C09636g,changed_regulation,
YALI0C09658g,changed_regulation,
YALI0C09801g,control_overexpressed,
YALI0C09823g,changed_regulation,
YALI0C09904g,changed_regulation,
YALI0C09988g,changed_regulation,
YALI0C10010g,changed_regulation,Transcription_Factor
YALI0C10032g,case_upregulated,
YALI0C10135g,control_overexpressed,
YALI0C10142g,changed_regulation,
YALI0C10208g,changed_regulation,
YALI0C10230g,case_upregulated,
YALI0C10252g,case_upregulated,
YALI0C10311g,case_overexpressed,
YALI0C10428g,case_upregulated,
YALI0C10516g,control_overexpressed,
YALI0C10648g,control_overexpressed,
YALI0C10780g,control_overexpressed,
YALI0C10824g,control_upregulated,
YALI0C10923g,control_overexpressed,
YALI0C10945g,case_upregulated,
YALI0C10967g,changed_regulation,
YALI0C11055g,case_overexpressed,
YALI0C11165g,control_overexpressed,
YALI0C11319g,changed_regulation,
YALI0C11341g,case_upregulated,
YALI0C11385g,control_overexpressed,
YALI0C11583g,case_overexpressed,
YALI0C11649g,control_upregulated,
YALI0C11671g,case_upregulated,
YALI0C11781g,changed_regulation,
YALI0C11803g,control_overexpressed,
YALI0C11836g,changed_regulation,
YALI0C11858g,control_overexpressed,Transcription_Factor
YALI0C11968g,case_upregulated,
YALI0C12034g,case_upregulated,
YALI0C12166g,changed_regulation,
YALI0C12430g,changed_regulation,
YALI0C12496g,changed_regulation,
YALI0C12573g,control_upregulated,
YALI0C12595g,case_overexpressed,
YALI0C12617g,changed_regulation,
YALI0C12859g,changed_regulation,
YALI0C12881g,changed_regulation,
YALI0C12918g,changed_regulation,
YALI0C12947g,control_overexpressed,
YALI0C13002g,changed_regulation,Mutated_Gene
YALI0C13178g,control_overexpressed,Transcription_Factor
YALI0C13244g,changed_regulation,
YALI0C13420g,changed_regulation,
YALI0C13442g,control_upregulated,
YALI0C13508g,case_overexpressed,
YALI0C13552g,changed_regulation,
YALI0C13750g,case_overexpressed,Transcription_Factor
YALI0C13860g,control_overexpressed,
YALI0C13882g,changed_regulation,
YALI0C13904g,control_overexpressed,
YALI0C13926g,case_overexpressed,
YALI0C13992g,changed_regulation,
YALI0C14036g,control_upregulated,
YALI0C14058g,control_upregulated,
YALI0C14124g,case_upregulated,
YALI0C14146g,changed_regulation,
YALI0C14190g,case_upregulated,
YALI0C14344g,control_overexpressed,
YALI0C14388g,case_overexpressed,
YALI0C14410g,control_upregulated,
YALI0C14476g,control_upregulated,
YALI0C14542g,control_overexpressed,
YALI0C14564g,changed_regulation,
YALI0C14630g,case_overexpressed,
YALI0C14718g,changed_regulation,
YALI0C14740g,control_overexpressed,
YALI0C14762g,changed_regulation,
YALI0C14784g,changed_regulation,
YALI0C14806g,control_overexpressed,
YALI0C14960g,control_overexpressed,
YALI0C15004g,control_overexpressed,
YALI0C15026g,control_overexpressed,
YALI0C15048g,control_overexpressed,
YALI0C15092g,case_overexpressed,
YALI0C15202g,control_overexpressed,Transcription_Factor
YALI0C15224g,case_overexpressed,
YALI0C15230g,changed_regulation,
YALI0C15237g,control_overexpressed,
YALI0C15246g,control_overexpressed,
YALI0C15290g,control_upregulated,
YALI0C15323g,changed_regulation,
YALI0C15400g,case_upregulated,
YALI0C15554g,case_overexpressed,
YALI0C15653g,changed_regulation,
YALI0C15741g,control_overexpressed,
YALI0C15939g,case_overexpressed,
YALI0C16148g,case_overexpressed,
YALI0C16247g,control_overexpressed,Mutated_Gene
YALI0C16368g,changed_regulation,
YALI0C16390g,control_overexpressed,
YALI0C16456g,control_overexpressed,
YALI0C16478g,control_upregulated,
YALI0C16500g,control_overexpressed,
YALI0C16621g,case_overexpressed,
YALI0C16643g,control_overexpressed,
YALI0C16731g,control_overexpressed,
YALI0C16797g,control_overexpressed,
YALI0C16841g,control_overexpressed,
YALI0C16863g,changed_regulation,Transcription_Factor
YALI0C16885g,changed_regulation,
YALI0C16929g,case_overexpressed,
YALI0C16951g,control_overexpressed,
YALI0C16995g,control_overexpressed,
YALI0C17083g,changed_regulation,
YALI0C17237g,case_overexpressed,
YALI0C17347g,control_overexpressed,
YALI0C17369g,changed_regulation,
YALI0C17391g,control_overexpressed,
YALI0C17567g,case_overexpressed,
YALI0C17589g,changed_regulation,
YALI0C17655g,control_overexpressed,
YALI0C17831g,changed_regulation,
YALI0C18051g,control_overexpressed,
YALI0C18095g,control_upregulated,
YALI0C18161g,control_upregulated,
YALI0C18263g,control_overexpressed,
YALI0C18315g,control_overexpressed,
YALI0C18359g,changed_regulation,
YALI0C18469g,control_overexpressed,
YALI0C18475g,changed_regulation,
YALI0C18481g,changed_regulation,
YALI0C18513g,control_overexpressed,
YALI0C18557g,control_overexpressed,
YALI0C18645g,control_overexpressed,Transcription_Factor
YALI0C18733g,control_upregulated,
YALI0C18777g,changed_regulation,
YALI0C18799g,changed_regulation,
YALI0C19041g,changed_regulation,
YALI0C19063g,control_overexpressed,Transcription_Factor
YALI0C19096g,changed_regulation,
YALI0C19107g,case_overexpressed,
YALI0C19151g,control_overexpressed,Transcription_Factor
YALI0C19195g,case_upregulated,
YALI0C19338g,changed_regulation,
YALI0C19426g,control_upregulated,
YALI0C19602g,control_overexpressed,
YALI0C19624g,case_upregulated,
YALI0C19682g,control_upregulated,
YALI0C19778g,changed_regulation,
YALI0C19800g,control_overexpressed,
YALI0C19822g,case_overexpressed,
YALI0C19866g,case_upregulated,
YALI0C20053g,control_overexpressed,
YALI0C20075g,control_upregulated,
YALI0C20119g,changed_regulation,
YALI0C20141g,control_overexpressed,
YALI0C20265g,control_overexpressed,
YALI0C20295g,case_overexpressed,
YALI0C20449g,changed_regulation,
YALI0C20625g,case_upregulated,
YALI0C20647g,control_overexpressed,
YALI0C20669g,case_overexpressed,
YALI0C20889g,control_upregulated,
YALI0C20911g,case_overexpressed,
YALI0C20933g,control_overexpressed,
YALI0C20955g,changed_regulation,
YALI0C20977g,control_overexpressed,
YALI0C21021g,case_upregulated,
YALI0C21109g,control_upregulated,
YALI0C21252g,control_overexpressed,
YALI0C21296g,changed_regulation,
YALI0C21318g,control_overexpressed,
YALI0C21340g,control_overexpressed,
YALI0C21362g,control_overexpressed,
YALI0C21428g,changed_regulation,
YALI0C21472g,control_overexpressed,
YALI0C21494g,changed_regulation,
YALI0C21516g,case_overexpressed,
YALI0C21538g,changed_regulation,
YALI0C21582g,control_overexpressed,
YALI0C21604g,case_upregulated,
YALI0C21626g,control_upregulated,
YALI0C21648g,control_overexpressed,
YALI0C21758g,changed_regulation,
YALI0C21780g,control_upregulated,
YALI0C21789g,changed_regulation,
YALI0C21978g,control_overexpressed,
YALI0C22000g,changed_regulation,
YALI0C22044g,control_overexpressed,
YALI0C22088g,case_overexpressed,
YALI0C22143g,changed_regulation,
YALI0C22209g,control_upregulated,
YALI0C22275g,control_overexpressed,
YALI0C22341g,changed_regulation,
YALI0C22394g,control_overexpressed,
YALI0C22462g,changed_regulation,
YALI0C22506g,control_overexpressed,
YALI0C22572g,changed_regulation,
YALI0C22719g,control_upregulated,
YALI0C22748g,changed_regulation,
YALI0C22836g,case_overexpressed,
YALI0C22858g,control_upregulated,
YALI0C22880g,changed_regulation,
YALI0C22924g,control_overexpressed,
YALI0C22946g,changed_regulation,
YALI0C22968g,case_upregulated,
YALI0C22990g,control_overexpressed,Transcription_Factor
YALI0C23078g,case_upregulated,
YALI0C23122g,case_overexpressed,
YALI0C23188g,case_overexpressed,
YALI0C23210g,changed_regulation,
YALI0C23276g,changed_regulation,
YALI0C23320g,changed_regulation,
YALI0C23364g,case_upregulated,
YALI0C23386g,changed_regulation,
YALI0C23408g,changed_regulation,
YALI0C23540g,case_overexpressed,
YALI0C23562g,changed_regulation,
YALI0C23617g,changed_regulation,
YALI0C23639g,control_overexpressed,
YALI0C23705g,case_overexpressed,
YALI0C23771g,control_upregulated,
YALI0C23815g,case_overexpressed,
YALI0C23859g,changed_regulation,
YALI0C23903g,case_upregulated,
YALI0C23969g,case_upregulated,
YALI0C23991g,changed_regulation,
YALI0C24013g,control_overexpressed,
YALI0C24079g,control_upregulated,
YALI0C24101g,case_upregulated,
YALI0C24145g,changed_regulation,
YALI0C24321g,case_overexpressed,
YALI0C24376g,control_overexpressed,
YALI0C24420g,case_overexpressed,
YALI0D00132g,changed_regulation,
YALI0D00154g,case_overexpressed,
YALI0D00198g,changed_regulation,
YALI0D00253g,control_overexpressed,
YALI0D00297g,control_upregulated,
YALI0D00407g,control_overexpressed,
YALI0D00451g,changed_regulation,
YALI0D00495g,case_overexpressed,
YALI0D00561g,control_upregulated,
YALI0D00605g,case_overexpressed,
YALI0D00627g,case_upregulated,
YALI0D00737g,control_upregulated,
YALI0D00759g,changed_regulation,
YALI0D00825g,case_overexpressed,
YALI0D00891g,control_upregulated,
YALI0D00957g,changed_regulation,
YALI0D01001g,control_upregulated,
YALI0D01045g,case_upregulated,
YALI0D01067g,control_overexpressed,
YALI0D01089g,case_overexpressed,
YALI0D01111g,control_overexpressed,
YALI0D01155g,changed_regulation,
YALI0D01243g,case_overexpressed,
YALI0D01265g,changed_regulation,
YALI0D01287g,case_overexpressed,
YALI0D01375g,case_upregulated,
YALI0D01419g,case_upregulated,Transcription_Factor
YALI0D01441g,case_upregulated,
YALI0D01463g,changed_regulation,Transcription_Factor
YALI0D01485g,changed_regulation,
YALI0D01573g,changed_regulation,Transcription_Factor
YALI0D01606g,case_upregulated,
YALI0D01716g,case_overexpressed,
YALI0D01738g,case_overexpressed,
YALI0D01782g,changed_regulation,
YALI0D01980g,control_overexpressed,
YALI0D02046g,changed_regulation,
YALI0D02079g,changed_regulation,
YALI0D02167g,changed_regulation,
YALI0D02475g,control_overexpressed,Transcription_Factor
YALI0D02497g,changed_regulation,
YALI0D02563g,changed_regulation,
YALI0D02585g,control_overexpressed,
YALI0D02607g,control_overexpressed,
YALI0D02629g,case_overexpressed,
YALI0D02651g,control_upregulated,
YALI0D02695g,case_overexpressed,
YALI0D02717g,control_overexpressed,
YALI0D02761g,changed_regulation,
YALI0D02783g,control_upregulated,Transcription_Factor
YALI0D02871g,control_overexpressed,
YALI0D02937g,control_upregulated,
YALI0D03069g,changed_regulation,
YALI0D03135g,changed_regulation,
YALI0D03245g,case_overexpressed,
YALI0D03267g,control_upregulated,
YALI0D03333g,control_overexpressed,
YALI0D03465g,case_upregulated,
YALI0D03597g,case_overexpressed,
YALI0D03619g,control_overexpressed,
YALI0D03641g,changed_regulation,
YALI0D03740g,changed_regulation,
YALI0D03784g,changed_regulation,
YALI0D03949g,changed_regulation,
YALI0D03960g,changed_regulation,
YALI0D04004g,control_overexpressed,
YALI0D04026g,control_upregulated,
YALI0D04092g,changed_regulation,
YALI0D04136g,case_overexpressed,
YALI0D04158g,case_upregulated,
YALI0D04224g,control_overexpressed,
YALI0D04268g,control_overexpressed,
YALI0D04422g,changed_regulation,
YALI0D04466g,case_overexpressed,Transcription_Factor
YALI0D04488g,case_upregulated,
YALI0D04554g,case_upregulated,
YALI0D04741g,case_upregulated,
YALI0D04763g,changed_regulation,
YALI0D04785g,changed_regulation,Transcription_Factor
YALI0D04851g,control_overexpressed,
YALI0D04873g,control_overexpressed,
YALI0D04884g,control_overexpressed,
YALI0D04939g,changed_regulation,
YALI0D04961g,control_overexpressed,
YALI0D04983g,case_overexpressed,
YALI0D05005g,control_overexpressed,Transcription_Factor
YALI0D05041g,changed_regulation,Transcription_Factor
YALI0D05379g,changed_regulation,
YALI0D05467g,control_upregulated,
YALI0D05489g,changed_regulation,
YALI0D05511g,control_upregulated,
YALI0D05533g,control_overexpressed,
YALI0D05547g,changed_regulation,
YALI0D05676g,control_overexpressed,
YALI0D05687g,control_overexpressed,
YALI0D05697g,control_upregulated,
YALI0D05731g,changed_regulation,
YALI0D05797g,case_overexpressed,
YALI0D05841g,control_overexpressed,
YALI0D05863g,case_upregulated,
YALI0D05995g,case_upregulated,
YALI0D06039g,case_overexpressed,
YALI0D06061g,control_overexpressed,
YALI0D06149g,case_overexpressed,
YALI0D06303g,changed_regulation,
YALI0D06347g,changed_regulation,
YALI0D06391g,control_overexpressed,
YALI0D06413g,changed_regulation,
YALI0D06435g,changed_regulation,
YALI0D06479g,case_overexpressed,
YALI0D06501g,control_overexpressed,
YALI0D06633g,control_overexpressed,
YALI0D06688g,control_overexpressed,
YALI0D06754g,changed_regulation,
YALI0D06776g,changed_regulation,
YALI0D06820g,control_overexpressed,
YALI0D06842g,changed_regulation,
YALI0D06952g,control_overexpressed,Transcription_Factor
YALI0D06974g,control_overexpressed,
YALI0D06996g,case_overexpressed,
YALI0D07018g,control_upregulated,
YALI0D07062g,case_upregulated,
YALI0D07084g,case_upregulated,
YALI0D07106g,control_upregulated,
YALI0D07150g,control_overexpressed,
YALI0D07194g,control_upregulated,
YALI0D07216g,control_upregulated,
YALI0D07238g,control_upregulated,
YALI0D07260g,changed_regulation,
YALI0D07282g,changed_regulation,
YALI0D07304g,case_overexpressed,
YALI0D07326g,control_overexpressed,
YALI0D07392g,case_overexpressed,
YALI0D07480g,case_overexpressed,
YALI0D07535g,changed_regulation,
YALI0D07546g,control_overexpressed,
YALI0D07568g,case_overexpressed,
YALI0D07612g,control_overexpressed,
YALI0D07634g,case_upregulated,
YALI0D07700g,changed_regulation,
YALI0D07744g,case_overexpressed,Transcription_Factor
YALI0D07766g,changed_regulation,
YALI0D07788g,changed_regulation,
YALI0D07810g,changed_regulation,
YALI0D07854g,changed_regulation,
YALI0D07876g,changed_regulation,
YALI0D07898g,changed_regulation,
YALI0D07920g,control_overexpressed,
YALI0D07942g,control_overexpressed,
YALI0D07986g,case_upregulated,
YALI0D08052g,changed_regulation,
YALI0D08118g,changed_regulation,
YALI0D08140g,changed_regulation,
YALI0D08206g,case_overexpressed,
YALI0D08228g,case_overexpressed,
YALI0D08250g,changed_regulation,
YALI0D08272g,case_upregulated,
YALI0D08272g,case_upregulated,
YALI0D08316g,changed_regulation,
YALI0D08338g,changed_regulation,
YALI0D08404g,changed_regulation,
YALI0D08536g,changed_regulation,
YALI0D08558g,case_upregulated,
YALI0D08624g,control_upregulated,
YALI0D08646g,control_overexpressed,
YALI0D08668g,changed_regulation,
YALI0D08712g,changed_regulation,
YALI0D08734g,control_upregulated,
YALI0D08756g,control_overexpressed,
YALI0D08778g,changed_regulation,
YALI0D08822g,control_overexpressed,
YALI0D08866g,case_upregulated,
YALI0D08910g,changed_regulation,
YALI0D08932g,changed_regulation,
YALI0D09086g,control_overexpressed,
YALI0D09141g,control_overexpressed,
YALI0D09163g,control_upregulated,
YALI0D09273g,control_upregulated,
YALI0D09333g,changed_regulation,
YALI0D09339g,changed_regulation,
YALI0D09361g,control_overexpressed,
YALI0D09383g,changed_regulation,
YALI0D09427g,case_upregulated,
YALI0D09625g,control_upregulated,
YALI0D09691g,changed_regulation,
YALI0D09713g,changed_regulation,
YALI0D09757g,changed_regulation,Transcription_Factor
YALI0D09823g,case_upregulated,
YALI0D09933g,control_overexpressed,
YALI0D09955g,control_upregulated,
YALI0D10065g,control_upregulated,
YALI0D10087g,control_upregulated,
YALI0D10109g,changed_regulation,
YALI0D10131g,changed_regulation,
YALI0D10153g,changed_regulation,
YALI0D10175g,changed_regulation,
YALI0D10263g,changed_regulation,
YALI0D10274g,changed_regulation,
YALI0D10285g,control_upregulated,Transcription_Factor
YALI0D10329g,control_overexpressed,
YALI0D10593g,case_overexpressed,
YALI0D10813g,changed_regulation,
YALI0D10835g,case_overexpressed,
YALI0D10901g,changed_regulation,
YALI0D10945g,changed_regulation,
YALI0D10989g,changed_regulation,
YALI0D11000g,changed_regulation,
YALI0D11044g,changed_regulation,
YALI0D11066g,case_overexpressed,
YALI0D11088g,changed_regulation,
YALI0D11125g,control_overexpressed,
YALI0D11176g,changed_regulation,
YALI0D11264g,case_upregulated,
YALI0D11286g,control_overexpressed,
YALI0D11330g,case_upregulated,
YALI0D11352g,control_upregulated,
YALI0D11374g,control_overexpressed,
YALI0D11396g,changed_regulation,
YALI0D11440g,control_overexpressed,
YALI0D11484g,control_upregulated,
YALI0D11594g,control_upregulated,
YALI0D11616g,case_upregulated,
YALI0D11627g,changed_regulation,
YALI0D11660g,case_upregulated,
YALI0D11682g,control_overexpressed,
YALI0D11814g,case_upregulated,
YALI0D11880g,control_overexpressed,
YALI0D11924g,control_overexpressed,
YALI0D11990g,control_overexpressed,
YALI0D12078g,control_overexpressed,
YALI0D12122g,control_upregulated,
YALI0D12166g,control_overexpressed,
YALI0D12232g,changed_regulation,
YALI0D12342g,changed_regulation,
YALI0D12364g,changed_regulation,
YALI0D12386g,case_upregulated,
YALI0D12400g,case_upregulated,
YALI0D12408g,changed_regulation,
YALI0D12474g,control_overexpressed,
YALI0D12496g,control_overexpressed,
YALI0D12584g,case_upregulated,
YALI0D12606g,control_overexpressed,
YALI0D12628g,changed_regulation,Transcription_Factor
YALI0D12683g,control_upregulated,
YALI0D12705g,control_overexpressed,
YALI0D12749g,changed_regulation,
YALI0D12771g,control_upregulated,
YALI0D12793g,control_overexpressed,
YALI0D12815g,changed_regulation,
YALI0D12837g,control_upregulated,
YALI0D12859g,control_overexpressed,
YALI0D12881g,control_overexpressed,
YALI0D13024g,changed_regulation,
YALI0D13046g,control_overexpressed,
YALI0D13156g,control_overexpressed,
YALI0D13442g,case_upregulated,
YALI0D13486g,changed_regulation,
YALI0D13508g,changed_regulation,
YALI0D13596g,case_overexpressed,
YALI0D13640g,changed_regulation,
YALI0D13706g,changed_regulation,
YALI0D13794g,changed_regulation,
YALI0D13838g,control_upregulated,
YALI0D14080g,control_upregulated,
YALI0D14102g,changed_regulation,
YALI0D14630g,changed_regulation,
YALI0D14784g,changed_regulation,
YALI0D14916g,control_overexpressed,
YALI0D15026g,control_overexpressed,
YALI0D15048g,control_overexpressed,
YALI0D15092g,changed_regulation,
YALI0D15114g,changed_regulation,
YALI0D15136g,case_overexpressed,
YALI0D15158g,control_overexpressed,
YALI0D15268g,case_upregulated,
YALI0D15304g,changed_regulation,
YALI0D15334g,changed_regulation,Transcription_Factor
YALI0D15400g,case_overexpressed,
YALI0D15444g,control_overexpressed,
YALI0D15532g,case_overexpressed,
YALI0D15576g,changed_regulation,
YALI0D15598g,control_upregulated,
YALI0D15620g,control_upregulated,
YALI0D15642g,control_upregulated,
YALI0D15664g,case_overexpressed,
YALI0D15686g,control_upregulated,
YALI0D15752g,control_overexpressed,
YALI0D15774g,control_upregulated,
YALI0D15796g,control_upregulated,
YALI0D15818g,changed_regulation,
YALI0D15862g,changed_regulation,
YALI0D15928g,case_upregulated,
YALI0D16247g,case_overexpressed,
YALI0D16401g,control_overexpressed,
YALI0D16423g,case_upregulated,
YALI0D16687g,control_overexpressed,
YALI0D16709g,changed_regulation,
YALI0D16753g,case_upregulated,
YALI0D16797g,case_upregulated,
YALI0D16885g,control_overexpressed,
YALI0D16929g,control_upregulated,
YALI0D16940g,changed_regulation,
YALI0D17028g,changed_regulation,
YALI0D17050g,control_overexpressed,
YALI0D17072g,changed_regulation,
YALI0D17160g,changed_regulation,
YALI0D17182g,changed_regulation,
YALI0D17204g,control_overexpressed,
YALI0D17446g,case_overexpressed,
YALI0D17468g,case_overexpressed,
YALI0D17512g,case_overexpressed,
YALI0D17534g,changed_regulation,
YALI0D17578g,changed_regulation,
YALI0D17600g,changed_regulation,
YALI0D17622g,changed_regulation,
YALI0D17666g,changed_regulation,
YALI0D17688g,changed_regulation,
YALI0D17710g,changed_regulation,
YALI0D17798g,changed_regulation,
YALI0D17864g,case_overexpressed,
YALI0D17930g,case_overexpressed,
YALI0D18062g,changed_regulation,
YALI0D18084g,changed_regulation,
YALI0D18403g,control_overexpressed,
YALI0D18436g,control_overexpressed,
YALI0D18502g,control_overexpressed,
YALI0D18546g,changed_regulation,
YALI0D18590g,control_upregulated,
YALI0D18634g,control_overexpressed,
YALI0D18678g,control_overexpressed,Transcription_Factor
YALI0D18700g,control_upregulated,
YALI0D18766g,control_overexpressed,
YALI0D18788g,changed_regulation,
YALI0D18810g,case_overexpressed,
YALI0D18854g,control_overexpressed,
YALI0D18898g,changed_regulation,
YALI0D18964g,changed_regulation,
YALI0D18986g,changed_regulation,
YALI0D19030g,control_upregulated,
YALI0D19096g,case_upregulated,
YALI0D19118g,changed_regulation,
YALI0D19140g,control_overexpressed,
YALI0D19228g,changed_regulation,
YALI0D19316g,case_overexpressed,
YALI0D19338g,case_overexpressed,
YALI0D19448g,changed_regulation,
YALI0D19470g,changed_regulation,
YALI0D19492g,control_upregulated,
YALI0D19514g,control_upregulated,
YALI0D19558g,control_overexpressed,
YALI0D19602g,changed_regulation,
YALI0D19624g,changed_regulation,
YALI0D19734g,case_overexpressed,
YALI0D19756g,case_overexpressed,
YALI0D19822g,control_upregulated,
YALI0D19844g,changed_regulation,
YALI0D19954g,changed_regulation,
YALI0D19998g,control_upregulated,
YALI0D20020g,control_overexpressed,
YALI0D20086g,control_upregulated,Transcription_Factor
YALI0D20174g,changed_regulation,
YALI0D20218g,control_overexpressed,
YALI0D20240g,control_overexpressed,
YALI0D20262g,case_upregulated,
YALI0D20306g,control_upregulated,
YALI0D20438g,changed_regulation,
YALI0D20482g,case_overexpressed,Transcription_Factor
YALI0D20526g,changed_regulation,
YALI0D20592g,changed_regulation,
YALI0D20724g,control_upregulated,
YALI0D20768g,changed_regulation,
YALI0D20878g,changed_regulation,
YALI0D20966g,case_overexpressed,
YALI0D21032g,control_upregulated,
YALI0D21076g,changed_regulation,
YALI0D21098g,case_overexpressed,
YALI0D21208g,control_overexpressed,
YALI0D21230g,control_overexpressed,Transcription_Factor
YALI0D21318g,case_overexpressed,
YALI0D21362g,changed_regulation,
YALI0D21406g,control_overexpressed,
YALI0D21428g,control_upregulated,
YALI0D21450g,changed_regulation,
YALI0D21472g,control_upregulated,
YALI0D21582g,case_upregulated,
YALI0D21670g,control_upregulated,
YALI0D21802g,changed_regulation,
YALI0D21890g,case_upregulated,
YALI0D21934g,control_overexpressed,
YALI0D22066g,control_overexpressed,
YALI0D22110g,case_upregulated,
YALI0D22220g,changed_regulation,
YALI0D22264g,changed_regulation,
YALI0D22308g,changed_regulation,
YALI0D22330g,changed_regulation,
YALI0D22352g,case_upregulated,
YALI0D22396g,changed_regulation,
YALI0D22440g,control_overexpressed,
YALI0D22484g,case_overexpressed,
YALI0D22506g,control_overexpressed,
YALI0D22520g,control_overexpressed,
YALI0D22638g,changed_regulation,
YALI0D22660g,changed_regulation,
YALI0D22682g,control_overexpressed,
YALI0D22748g,control_overexpressed,
YALI0D22847g,case_overexpressed,
YALI0D22913g,control_overexpressed,
YALI0D23001g,control_upregulated,
YALI0D23045g,control_overexpressed,Transcription_Factor
YALI0D23177g,changed_regulation,
YALI0D23221g,control_overexpressed,
YALI0D23309g,case_upregulated,
YALI0D23331g,case_upregulated,
YALI0D23353g,changed_regulation,
YALI0D23375g,changed_regulation,
YALI0D23397g,control_overexpressed,
YALI0D23551g,changed_regulation,
YALI0D23617g,case_upregulated,
YALI0D23639g,control_overexpressed,
YALI0D23683g,case_upregulated,
YALI0D23727g,changed_regulation,
YALI0D23749g,changed_regulation,Transcription_Factor
YALI0D23793g,changed_regulation,
YALI0D23881g,control_overexpressed,
YALI0D23925g,control_overexpressed,
YALI0D23947g,case_upregulated,
YALI0D24035g,control_overexpressed,
YALI0D24079g,control_overexpressed,
YALI0D24101g,case_overexpressed,
YALI0D24211g,changed_regulation,
YALI0D24321g,case_overexpressed,
YALI0D24409g,case_upregulated,
YALI0D24431g,case_overexpressed,
YALI0D24453g,control_overexpressed,
YALI0D24475g,changed_regulation,
YALI0D24519g,control_overexpressed,
YALI0D24563g,changed_regulation,
YALI0D24629g,control_upregulated,
YALI0D24750g,control_overexpressed,
YALI0D24816g,case_upregulated,
YALI0D24830g,control_overexpressed,
YALI0D24992g,control_overexpressed,
YALI0D25014g,changed_regulation,
YALI0D25124g,control_overexpressed,
YALI0D25168g,case_overexpressed,
YALI0D25212g,control_upregulated,
YALI0D25278g,control_overexpressed,
YALI0D25322g,control_overexpressed,
YALI0D25344g,changed_regulation,
YALI0D25498g,changed_regulation,
YALI0D25586g,control_upregulated,
YALI0D25674g,control_overexpressed,
YALI0D25784g,control_overexpressed,
YALI0D25828g,control_overexpressed,
YALI0D25850g,control_overexpressed,
YALI0D25872g,control_overexpressed,
YALI0D25894g,control_overexpressed,
YALI0D26015g,changed_regulation,
YALI0D26147g,case_overexpressed,
YALI0D26235g,control_overexpressed,
YALI0D26301g,changed_regulation,
YALI0D26323g,control_overexpressed,
YALI0D26488g,case_overexpressed,
YALI0D26510g,changed_regulation,
YALI0D26532g,control_upregulated,
YALI0D26576g,changed_regulation,
YALI0D26598g,control_upregulated,
YALI0D26642g,control_overexpressed,
YALI0D26818g,changed_regulation,
YALI0D26906g,changed_regulation,
YALI0D26972g,changed_regulation,
YALI0D26994g,control_upregulated,
YALI0D27038g,changed_regulation,
YALI0D27104g,control_upregulated,
YALI0D27126g,changed_regulation,
YALI0D27148g,case_overexpressed,
YALI0D27170g,case_overexpressed,
YALI0D27192g,case_upregulated,
YALI0D27236g,changed_regulation,
YALI0D27280g,changed_regulation,
YALI0E00176g,changed_regulation,
YALI0E00220g,control_overexpressed,
YALI0E00308g,case_overexpressed,
YALI0E00330g,case_upregulated,
YALI0E00418g,case_overexpressed,
YALI0E00528g,changed_regulation,
YALI0E00638g,changed_regulation,
YALI0E00682g,control_overexpressed,
YALI0E00748g,control_overexpressed,
YALI0E00770g,changed_regulation,
YALI0E00792g,case_overexpressed,
YALI0E00858g,changed_regulation,
YALI0E00946g,changed_regulation,
YALI0E00968g,control_upregulated,
YALI0E00990g,case_upregulated,
YALI0E01122g,changed_regulation,
YALI0E01144g,control_overexpressed,
YALI0E01210g,control_upregulated,
YALI0E01276g,control_overexpressed,
YALI0E01298g,changed_regulation,
YALI0E01320g,control_overexpressed,
YALI0E01386g,control_overexpressed,
YALI0E01408g,control_overexpressed,
YALI0E01430g,changed_regulation,
YALI0E01452g,control_upregulated,
YALI0E01562g,case_upregulated,
YALI0E01584g,changed_regulation,
YALI0E01628g,changed_regulation,
YALI0E01650g,control_overexpressed,
YALI0E01738g,control_upregulated,
YALI0E01760g,control_overexpressed,
YALI0E01826g,changed_regulation,
YALI0E01848g,changed_regulation,
YALI0E01936g,control_upregulated,
YALI0E01958g,control_overexpressed,
YALI0E02002g,control_overexpressed,
YALI0E02024g,changed_regulation,
YALI0E02046g,changed_regulation,
YALI0E02090g,changed_regulation,
YALI0E02112g,changed_regulation,
YALI0E02156g,case_overexpressed,
YALI0E02200g,case_upregulated,
YALI0E02244g,case_overexpressed,
YALI0E02266g,changed_regulation,
YALI0E02310g,case_overexpressed,
YALI0E02343g,control_overexpressed,
YALI0E02376g,changed_regulation,
YALI0E02420g,changed_regulation,
YALI0E02508g,control_upregulated,
YALI0E02530g,changed_regulation,
YALI0E02552g,changed_regulation,
YALI0E02684g,changed_regulation,
YALI0E02728g,changed_regulation,
YALI0E02750g,control_upregulated,
YALI0E02772g,changed_regulation,
YALI0E02827g,changed_regulation,
YALI0E02860g,changed_regulation,
YALI0E03014g,case_upregulated,
YALI0E03036g,changed_regulation,
YALI0E03102g,control_overexpressed,
YALI0E03190g,case_overexpressed,
YALI0E03234g,changed_regulation,
YALI0E03256g,control_upregulated,
YALI0E03344g,control_overexpressed,
YALI0E03366g,changed_regulation,
YALI0E03388g,changed_regulation,
YALI0E03410g,control_overexpressed,Transcription_Factor
YALI0E03476g,case_overexpressed,
YALI0E03498g,control_upregulated,
YALI0E03586g,case_overexpressed,
YALI0E03718g,changed_regulation,
YALI0E03740g,changed_regulation,
YALI0E03762g,control_overexpressed,
YALI0E03784g,case_upregulated,
YALI0E03828g,changed_regulation,
YALI0E03872g,case_overexpressed,
YALI0E03938g,case_overexpressed,
YALI0E03960g,case_overexpressed,
YALI0E04004g,control_overexpressed,
YALI0E04048g,changed_regulation,
YALI0E04114g,control_overexpressed,
YALI0E04136g,changed_regulation,
YALI0E04158g,control_overexpressed,
YALI0E04169g,control_overexpressed,
YALI0E04224g,case_overexpressed,
YALI0E04246g,changed_regulation,
YALI0E04268g,changed_regulation,
YALI0E04312g,changed_regulation,
YALI0E04334g,control_overexpressed,
YALI0E04356g,changed_regulation,
YALI0E04378g,case_overexpressed,
YALI0E04466g,control_upregulated,
YALI0E04488g,changed_regulation,
YALI0E04576g,control_upregulated,
YALI0E04598g,case_upregulated,
YALI0E04697g,control_upregulated,
YALI0E04719g,changed_regulation,
YALI0E04741g,control_upregulated,
YALI0E04763g,control_overexpressed,
YALI0E04785g,changed_regulation,
YALI0E04939g,control_overexpressed,
YALI0E04983g,control_overexpressed,
YALI0E05115g,control_upregulated,
YALI0E05137g,changed_regulation,
YALI0E05181g,control_overexpressed,
YALI0E05203g,changed_regulation,
YALI0E05247g,changed_regulation,
YALI0E05313g,control_overexpressed,
YALI0E05357g,control_overexpressed,
YALI0E05401g,control_overexpressed,
YALI0E05423g,control_overexpressed,
YALI0E05445g,changed_regulation,
YALI0E05467g,changed_regulation,
YALI0E05489g,case_upregulated,
YALI0E05533g,control_overexpressed,
YALI0E05599g,case_upregulated,
YALI0E05621g,changed_regulation,
YALI0E05643g,case_upregulated,
YALI0E05665g,changed_regulation,
YALI0E05687g,changed_regulation,
YALI0E05709g,changed_regulation,
YALI0E05775g,control_overexpressed,
YALI0E05797g,changed_regulation,
YALI0E05819g,case_overexpressed,
YALI0E05841g,changed_regulation,
YALI0E05863g,control_overexpressed,
YALI0E05907g,control_overexpressed,
YALI0E05929g,case_upregulated,
YALI0E05951g,changed_regulation,
YALI0E05995g,changed_regulation,
YALI0E06083g,changed_regulation,
YALI0E06149g,control_overexpressed,
YALI0E06171g,control_overexpressed,
YALI0E06193g,control_upregulated,
YALI0E06215g,control_upregulated,
YALI0E06347g,case_overexpressed,
YALI0E06457g,case_overexpressed,
YALI0E06479g,changed_regulation,
YALI0E06545g,changed_regulation,
YALI0E06633g,case_overexpressed,
YALI0E06655g,control_upregulated,
YALI0E06677g,control_overexpressed,
YALI0E06699g,control_upregulated,
YALI0E06721g,control_overexpressed,
YALI0E06809g,control_overexpressed,
YALI0E06941g,control_overexpressed,
YALI0E07051g,case_overexpressed,
YALI0E07073g,case_overexpressed,
YALI0E07117g,control_overexpressed,
YALI0E07161g,changed_regulation,
YALI0E07205g,case_upregulated,
YALI0E07381g,changed_regulation,
YALI0E07491g,changed_regulation,
YALI0E07557g,case_overexpressed,
YALI0E07744g,case_upregulated,
YALI0E07810g,changed_regulation,
YALI0E07832g,case_upregulated,
YALI0E07942g,control_overexpressed,Transcription_Factor
YALI0E07964g,changed_regulation,
YALI0E08085g,changed_regulation,
YALI0E08162g,case_overexpressed,
YALI0E08184g,changed_regulation,
YALI0E08206g,case_upregulated,
YALI0E08382g,changed_regulation,
YALI0E08514g,control_upregulated,
YALI0E08602g,control_upregulated,
YALI0E08617g,case_upregulated,
YALI0E08756g,case_overexpressed,
YALI0E08932g,case_overexpressed,
YALI0E09020g,control_overexpressed,
YALI0E09064g,changed_regulation,
YALI0E09174g,changed_regulation,
YALI0E09240g,case_overexpressed,
YALI0E09276g,control_upregulated,
YALI0E09284g,control_upregulated,
YALI0E09306g,control_overexpressed,
YALI0E09405g,control_overexpressed,
YALI0E09427g,case_overexpressed,
YALI0E09603g,control_overexpressed,
YALI0E09691g,control_upregulated,
YALI0E09757g,changed_regulation,
YALI0E09801g,changed_regulation,
YALI0E09867g,control_overexpressed,
YALI0E09889g,control_upregulated,
YALI0E09999g,case_overexpressed,
YALI0E10043g,changed_regulation,
YALI0E10065g,control_overexpressed,
YALI0E10087g,changed_regulation,Transcription_Factor
YALI0E10131g,changed_regulation,
YALI0E10153g,control_overexpressed,
YALI0E10175g,case_upregulated,
YALI0E10285g,control_overexpressed,
YALI0E10351g,control_overexpressed,
YALI0E10417g,changed_regulation,
YALI0E10439g,changed_regulation,
YALI0E10483g,changed_regulation,
YALI0E10505g,changed_regulation,
YALI0E10549g,changed_regulation,
YALI0E10593g,control_upregulated,
YALI0E10725g,control_overexpressed,
YALI0E10769g,control_overexpressed,
YALI0E10791g,control_overexpressed,
YALI0E10813g,control_upregulated,
YALI0E10879g,changed_regulation,
YALI0E10923g,changed_regulation,
YALI0E11011g,control_overexpressed,
YALI0E11033g,control_overexpressed,
YALI0E11099g,changed_regulation,
YALI0E11121g,changed_regulation,
YALI0E11319g,changed_regulation,
YALI0E11355g,case_overexpressed,
YALI0E11363g,control_upregulated,
YALI0E11385g,case_overexpressed,
YALI0E11407g,changed_regulation,
YALI0E11517g,control_overexpressed,
YALI0E11671g,changed_regulation,
YALI0E11693g,changed_regulation,Transcription_Factor
YALI0E11737g,changed_regulation,
YALI0E11847g,case_overexpressed,
YALI0E11891g,control_upregulated,
YALI0E11957g,control_upregulated,Mutated_Gene
YALI0E12001g,control_overexpressed,
YALI0E12111g,case_overexpressed,
YALI0E12155g,control_overexpressed,
YALI0E12221g,case_upregulated,
YALI0E12287g,changed_regulation,
YALI0E12353g,control_upregulated,
YALI0E12375g,control_overexpressed,
YALI0E12419g,control_overexpressed,
YALI0E12441g,case_upregulated,
YALI0E12463g,changed_regulation,
YALI0E12485g,case_upregulated,
YALI0E12551g,changed_regulation,
YALI0E12595g,control_overexpressed,
YALI0E12617g,control_overexpressed,
YALI0E12947g,control_overexpressed,
YALI0E12969g,changed_regulation,
YALI0E12991g,control_overexpressed,
YALI0E13057g,case_overexpressed,
YALI0E13167g,changed_regulation,
YALI0E13189g,control_overexpressed,
YALI0E13299g,control_overexpressed,
YALI0E13343g,changed_regulation,
YALI0E13420g,changed_regulation,
YALI0E13574g,case_overexpressed,
YALI0E13662g,control_upregulated,
YALI0E13706g,case_overexpressed,
YALI0E13728g,changed_regulation,
YALI0E13750g,changed_regulation,
YALI0E13882g,control_overexpressed,
YALI0E13970g,changed_regulation,
YALI0E14102g,control_upregulated,
YALI0E14124g,control_upregulated,
YALI0E14168g,changed_regulation,
YALI0E14190g,case_overexpressed,
YALI0E14344g,control_overexpressed,
YALI0E14465g,case_overexpressed,
YALI0E14487g,changed_regulation,
YALI0E14575g,case_upregulated,
YALI0E14619g,control_upregulated,
YALI0E14641g,control_upregulated,
YALI0E14707g,changed_regulation,
YALI0E14729g,control_overexpressed,
YALI0E14751g,changed_regulation,
YALI0E14817g,changed_regulation,
YALI0E14927g,changed_regulation,
YALI0E14949g,case_overexpressed,
YALI0E14993g,control_overexpressed,
YALI0E15015g,changed_regulation,
YALI0E15059g,changed_regulation,
YALI0E15081g,case_upregulated,
YALI0E15103g,control_overexpressed,
YALI0E15125g,case_upregulated,
YALI0E15136g,control_overexpressed,
YALI0E15147g,changed_regulation,
YALI0E15180g,changed_regulation,
YALI0E15268g,control_overexpressed,
YALI0E15290g,changed_regulation,
YALI0E15334g,control_overexpressed,
YALI0E15466g,changed_regulation,
YALI0E15488g,changed_regulation,
YALI0E15510g,changed_regulation,Transcription_Factor
YALI0E15532g,control_upregulated,
YALI0E15576g,control_overexpressed,
YALI0E15598g,case_upregulated,
YALI0E15620g,changed_regulation,
YALI0E15642g,changed_regulation,
YALI0E15664g,changed_regulation,
YALI0E15686g,control_upregulated,
YALI0E15708g,changed_regulation,
YALI0E15730g,changed_regulation,
YALI0E15796g,changed_regulation,
YALI0E15862g,control_overexpressed,
YALI0E15884g,control_upregulated,
YALI0E15928g,changed_regulation,
YALI0E16016g,changed_regulation,
YALI0E16038g,changed_regulation,
YALI0E16060g,case_upregulated,
YALI0E16148g,control_overexpressed,
YALI0E16236g,control_overexpressed,
YALI0E16258g,changed_regulation,
YALI0E16478g,changed_regulation,
YALI0E16533g,control_overexpressed,
YALI0E16555g,case_upregulated,
YALI0E16577g,changed_regulation,Transcription_Factor
YALI0E16687g,control_upregulated,
YALI0E16709g,control_upregulated,
YALI0E16753g,changed_regulation,
YALI0E16775g,changed_regulation,
YALI0E16841g,control_overexpressed,
YALI0E16929g,changed_regulation,
YALI0E16973g,changed_regulation,Transcription_Factor
YALI0E16995g,case_upregulated,
YALI0E17017g,changed_regulation,
YALI0E17105g,changed_regulation,
YALI0E17149g,control_overexpressed,
YALI0E17193g,control_overexpressed,
YALI0E17215g,changed_regulation,Transcription_Factor
YALI0E17325g,changed_regulation,
YALI0E17347g,changed_regulation,
YALI0E17391g,changed_regulation,
YALI0E17413g,changed_regulation,
YALI0E17457g,changed_regulation,
YALI0E17545g,case_overexpressed,
YALI0E17611g,changed_regulation,
YALI0E17633g,changed_regulation,
YALI0E17655g,case_upregulated,
YALI0E17677g,changed_regulation,
YALI0E17699g,changed_regulation,
YALI0E17721g,control_overexpressed,
YALI0E17743g,changed_regulation,
YALI0E17787g,changed_regulation,
YALI0E17853g,control_overexpressed,
YALI0E17897g,control_upregulated,
YALI0E17919g,control_upregulated,
YALI0E17941g,case_upregulated,Mutated_Gene
YALI0E18117g,changed_regulation,
YALI0E18238g,changed_regulation,
YALI0E18260g,control_upregulated,
YALI0E18326g,control_overexpressed,
YALI0E18436g,changed_regulation,
YALI0E18458g,changed_regulation,
YALI0E18502g,control_upregulated,
YALI0E18524g,control_overexpressed,
YALI0E18546g,control_overexpressed,
YALI0E18568g,changed_regulation,
YALI0E18612g,control_overexpressed,
YALI0E18634g,case_overexpressed,
YALI0E18678g,control_overexpressed,
YALI0E18744g,control_overexpressed,
YALI0E18766g,case_overexpressed,
YALI0E18788g,control_overexpressed,
YALI0E18898g,changed_regulation,
YALI0E18986g,changed_regulation,
YALI0E19030g,case_overexpressed,
YALI0E19052g,changed_regulation,
YALI0E19074g,changed_regulation,
YALI0E19162g,changed_regulation,
YALI0E19206g,control_overexpressed,
YALI0E19272g,changed_regulation,
YALI0E19294g,case_overexpressed,
YALI0E19338g,control_overexpressed,
YALI0E19426g,changed_regulation,
YALI0E19448g,case_upregulated,
YALI0E19470g,control_overexpressed,
YALI0E19536g,control_overexpressed,
YALI0E19558g,changed_regulation,
YALI0E19745g,changed_regulation,
YALI0E19767g,changed_regulation,
YALI0E19811g,changed_regulation,
YALI0E19899g,case_overexpressed,
YALI0E19921g,changed_regulation,
YALI0E19943g,changed_regulation,
YALI0E19965g,case_overexpressed,Transcription_Factor
YALI0E19987g,changed_regulation,
YALI0E20009g,control_overexpressed,
YALI0E20163g,changed_regulation,
YALI0E20185g,control_overexpressed,
YALI0E20273g,control_overexpressed,
YALI0E20383g,case_upregulated,
YALI0E20449g,case_overexpressed,Transcription_Factor
YALI0E20537g,control_overexpressed,
YALI0E20647g,changed_regulation,
YALI0E20669g,changed_regulation,
YALI0E20691g,control_overexpressed,
YALI0E20713g,changed_regulation,
YALI0E20757g,case_overexpressed,
YALI0E20779g,changed_regulation,
YALI0E20801g,control_overexpressed,
YALI0E20823g,case_overexpressed,
YALI0E20977g,case_overexpressed,
YALI0E21021g,changed_regulation,
YALI0E21065g,control_overexpressed,
YALI0E21087g,changed_regulation,
YALI0E21307g,control_upregulated,
YALI0E21351g,case_overexpressed,
YALI0E21395g,control_upregulated,
YALI0E21472g,case_overexpressed,
YALI0E21527g,control_upregulated,
YALI0E21549g,case_overexpressed,
YALI0E21648g,control_overexpressed,
YALI0E21912g,case_upregulated,
YALI0E21956g,control_overexpressed,
YALI0E21978g,control_upregulated,
YALI0E22000g,changed_regulation,
YALI0E22088g,changed_regulation,
YALI0E22132g,changed_regulation,
YALI0E22220g,case_overexpressed,
YALI0E22286g,control_overexpressed,
YALI0E22330g,control_overexpressed,
YALI0E22374g,case_overexpressed,
YALI0E22484g,changed_regulation,
YALI0E22649g,changed_regulation,
YALI0E22671g,changed_regulation,
YALI0E22715g,control_overexpressed,
YALI0E22737g,changed_regulation,
YALI0E22759g,control_overexpressed,
YALI0E22781g,case_overexpressed,
YALI0E22825g,changed_regulation,
YALI0E22847g,changed_regulation,
YALI0E22902g,changed_regulation,
YALI0E22913g,control_upregulated,
YALI0E23001g,changed_regulation,
YALI0E23023g,control_overexpressed,
YALI0E23089g,control_upregulated,
YALI0E23111g,control_upregulated,
YALI0E23155g,case_upregulated,
YALI0E23177g,control_overexpressed,
YALI0E23192g,case_overexpressed,
YALI0E23243g,case_overexpressed,
YALI0E23287g,changed_regulation,
YALI0E23386g,control_upregulated,
YALI0E23408g,changed_regulation,
YALI0E23430g,case_overexpressed,
YALI0E23452g,changed_regulation,
YALI0E23474g,control_overexpressed,
YALI0E23496g,control_overexpressed,
YALI0E23518g,case_overexpressed,Transcription_Factor
YALI0E23540g,changed_regulation,
YALI0E23628g,changed_regulation,
YALI0E23738g,changed_regulation,
YALI0E23749g,control_upregulated,
YALI0E23760g,control_upregulated,
YALI0E23793g,changed_regulation,
YALI0E23804g,control_upregulated,
YALI0E23826g,control_upregulated,
YALI0E23991g,changed_regulation,
YALI0E24013g,case_upregulated,
YALI0E24079g,control_upregulated,
YALI0E24101g,control_overexpressed,
YALI0E24167g,control_overexpressed,
YALI0E24189g,changed_regulation,
YALI0E24211g,case_overexpressed,
YALI0E24277g,control_overexpressed,Transcription_Factor
YALI0E24343g,control_upregulated,
YALI0E24365g,changed_regulation,
YALI0E24431g,control_overexpressed,
YALI0E24497g,case_overexpressed,
YALI0E24519g,changed_regulation,
YALI0E24541g,control_upregulated,Transcription_Factor
YALI0E24563g,changed_regulation,
YALI0E24629g,control_upregulated,
YALI0E24651g,changed_regulation,
YALI0E24673g,case_overexpressed,
YALI0E24717g,control_upregulated,
YALI0E24761g,changed_regulation,
YALI0E24849g,control_overexpressed,
YALI0E24915g,changed_regulation,
YALI0E25025g,changed_regulation,
YALI0E25047g,changed_regulation,
YALI0E25091g,case_overexpressed,
YALI0E25179g,control_overexpressed,
YALI0E25201g,control_overexpressed,
YALI0E25608g,control_overexpressed,
YALI0E25630g,control_upregulated,
YALI0E25652g,case_overexpressed,
YALI0E25674g,case_overexpressed,
YALI0E25696g,changed_regulation,
YALI0E25850g,changed_regulation,
YALI0E25872g,changed_regulation,
YALI0E26004g,case_upregulated,
YALI0E26026g,changed_regulation,
YALI0E26059g,changed_regulation,
YALI0E26081g,changed_regulation,
YALI0E26125g,changed_regulation,
YALI0E26147g,changed_regulation,
YALI0E26169g,control_overexpressed,
YALI0E26191g,control_overexpressed,
YALI0E26235g,changed_regulation,
YALI0E26257g,control_overexpressed,
YALI0E26279g,case_overexpressed,
YALI0E26345g,changed_regulation,
YALI0E26543g,changed_regulation,
YALI0E26609g,case_overexpressed,
YALI0E26653g,control_overexpressed,
YALI0E26807g,control_overexpressed,
YALI0E26829g,case_overexpressed,
YALI0E26917g,changed_regulation,
YALI0E26939g,control_overexpressed,
YALI0E26961g,changed_regulation,
YALI0E26983g,case_upregulated,
YALI0E27049g,control_upregulated,
YALI0E27093g,changed_regulation,
YALI0E27137g,changed_regulation,
YALI0E27203g,case_upregulated,
YALI0E27269g,control_overexpressed,
YALI0E27346g,case_upregulated,
YALI0E27368g,changed_regulation,
YALI0E27390g,control_upregulated,
YALI0E27511g,case_overexpressed,
YALI0E27533g,changed_regulation,
YALI0E27654g,changed_regulation,
YALI0E27676g,changed_regulation,
YALI0E27698g,case_upregulated,
YALI0E27742g,changed_regulation,Transcription_Factor
YALI0E27786g,control_overexpressed,
YALI0E27874g,control_overexpressed,
YALI0E27896g,changed_regulation,
YALI0E27918g,control_overexpressed,
YALI0E27962g,case_upregulated,
YALI0E28226g,changed_regulation,
YALI0E28237g,case_upregulated,
YALI0E28259g,changed_regulation,
YALI0E28270g,changed_regulation,
YALI0E28314g,changed_regulation,
YALI0E28336g,changed_regulation,
YALI0E28371g,changed_regulation,
YALI0E28490g,changed_regulation,
YALI0E28512g,changed_regulation,
YALI0E28548g,case_overexpressed,
YALI0E28600g,changed_regulation,
YALI0E28622g,control_upregulated,
YALI0E28644g,control_overexpressed,
YALI0E28666g,control_overexpressed,
YALI0E28743g,control_overexpressed,
YALI0E28787g,case_overexpressed,
YALI0E28809g,changed_regulation,
YALI0E28853g,control_overexpressed,
YALI0E28875g,case_upregulated,
YALI0E28930g,changed_regulation,
YALI0E28985g,control_overexpressed,
YALI0E29095g,changed_regulation,
YALI0E29139g,control_upregulated,
YALI0E29161g,control_overexpressed,
YALI0E29205g,case_upregulated,
YALI0E29227g,changed_regulation,
YALI0E29293g,changed_regulation,
YALI0E29307g,control_overexpressed,
YALI0E29315g,control_overexpressed,
YALI0E29425g,control_overexpressed,
YALI0E29535g,case_overexpressed,
YALI0E29557g,changed_regulation,
YALI0E29623g,changed_regulation,
YALI0E29645g,control_upregulated,
YALI0E29667g,control_upregulated,
YALI0E29777g,case_overexpressed,
YALI0E29997g,control_upregulated,
YALI0E30019g,control_upregulated,
YALI0E30085g,changed_regulation,
YALI0E30129g,changed_regulation,
YALI0E30283g,changed_regulation,
YALI0E30305g,changed_regulation,
YALI0E30327g,changed_regulation,
YALI0E30349g,control_overexpressed,
YALI0E30481g,changed_regulation,
YALI0E30525g,changed_regulation,
YALI0E30547g,control_overexpressed,
YALI0E30569g,changed_regulation,
YALI0E30591g,control_overexpressed,
YALI0E30602g,changed_regulation,
YALI0E30635g,changed_regulation,
YALI0E30657g,case_overexpressed,
YALI0E30745g,control_upregulated,
YALI0E30767g,changed_regulation,
YALI0E30789g,control_upregulated,Transcription_Factor
YALI0E30855g,control_overexpressed,
YALI0E30921g,control_overexpressed,
YALI0E30943g,case_overexpressed,
YALI0E30965g,changed_regulation,
YALI0E30987g,changed_regulation,
YALI0E31064g,changed_regulation,
YALI0E31108g,case_overexpressed,
YALI0E31130g,changed_regulation,
YALI0E31174g,case_upregulated,
YALI0E31196g,case_upregulated,
YALI0E31240g,changed_regulation,
YALI0E31280g,changed_regulation,
YALI0E31317g,control_upregulated,
YALI0E31383g,changed_regulation,Transcription_Factor
YALI0E31493g,case_upregulated,
YALI0E31515g,control_overexpressed,
YALI0E31537g,changed_regulation,
YALI0E31559g,case_overexpressed,
YALI0E31669g,control_overexpressed,Transcription_Factor
YALI0E31735g,control_upregulated,
YALI0E31766g,control_upregulated,
YALI0E31779g,changed_regulation,
YALI0E31793g,control_overexpressed,
YALI0E31845g,changed_regulation,Transcription_Factor
YALI0E31889g,case_overexpressed,
YALI0E31955g,changed_regulation,
YALI0E32035g,changed_regulation,
YALI0E32175g,case_overexpressed,
YALI0E32241g,case_overexpressed,
YALI0E32307g,case_overexpressed,
YALI0E32395g,changed_regulation,
YALI0E32417g,control_overexpressed,Transcription_Factor
YALI0E32439g,control_upregulated,
YALI0E32461g,changed_regulation,
YALI0E32483g,control_overexpressed,
YALI0E32615g,changed_regulation,
YALI0E32703g,changed_regulation,
YALI0E32725g,control_upregulated,
YALI0E32747g,control_upregulated,
YALI0E32769g,case_overexpressed,
YALI0E32791g,changed_regulation,
YALI0E32813g,case_upregulated,
YALI0E32857g,control_overexpressed,
YALI0E32879g,case_upregulated,
YALI0E32967g,case_upregulated,
YALI0E33011g,changed_regulation,
YALI0E33143g,changed_regulation,
YALI0E33187g,changed_regulation,
YALI0E33209g,changed_regulation,
YALI0E33231g,changed_regulation,
YALI0E33275g,control_upregulated,
YALI0E33341g,changed_regulation,
YALI0E33377g,control_overexpressed,
YALI0E33407g,control_overexpressed,
YALI0E33429g,changed_regulation,
YALI0E33473g,case_upregulated,
YALI0E33517g,changed_regulation,
YALI0E33539g,changed_regulation,
YALI0E33627g,changed_regulation,
YALI0E33649g,case_upregulated,
YALI0E33693g,case_overexpressed,
YALI0E33715g,control_overexpressed,
YALI0E33737g,control_overexpressed,
YALI0E33869g,changed_regulation,
YALI0E33935g,case_overexpressed,
YALI0E33957g,case_overexpressed,
YALI0E33979g,control_upregulated,
YALI0E34001g,changed_regulation,
YALI0E34037g,control_upregulated,
YALI0E34045g,case_overexpressed,
YALI0E34067g,case_overexpressed,
YALI0E34089g,case_upregulated,
YALI0E34155g,case_upregulated,
YALI0E34170g,case_upregulated,
YALI0E34199g,case_overexpressed,
YALI0E34221g,control_overexpressed,
YALI0E34243g,control_overexpressed,
YALI0E34287g,changed_regulation,
YALI0E34331g,control_overexpressed,
YALI0E34353g,control_overexpressed,
YALI0E34375g,changed_regulation,
YALI0E34397g,changed_regulation,
YALI0E34441g,case_upregulated,
YALI0E34540g,control_overexpressed,
YALI0E34551g,control_overexpressed,
YALI0E34672g,changed_regulation,
YALI0E34687g,case_upregulated,
YALI0E34749g,changed_regulation,
YALI0E34793g,changed_regulation,
YALI0E34815g,control_overexpressed,
YALI0E34837g,case_overexpressed,
YALI0E34881g,control_overexpressed,
YALI0E34903g,control_overexpressed,
YALI0E34947g,changed_regulation,
YALI0F00132g,control_upregulated,
YALI0F00176g,case_upregulated,
YALI0F00220g,changed_regulation,
YALI0F00242g,changed_regulation,
YALI0F00264g,case_overexpressed,
YALI0F00286g,control_overexpressed,
YALI0F00330g,control_overexpressed,
YALI0F00462g,case_overexpressed,
YALI0F00550g,changed_regulation,
YALI0F00682g,changed_regulation,
YALI0F00836g,case_upregulated,
YALI0F00902g,changed_regulation,
YALI0F00924g,changed_regulation,
YALI0F00946g,changed_regulation,
YALI0F00968g,control_overexpressed,
YALI0F01012g,control_overexpressed,
YALI0F01034g,changed_regulation,
YALI0F01056g,control_overexpressed,
YALI0F01100g,case_overexpressed,
YALI0F01188g,control_upregulated,
YALI0F01210g,case_overexpressed,
YALI0F01254g,control_overexpressed,
YALI0F01408g,changed_regulation,
YALI0F01430g,changed_regulation,
YALI0F01452g,case_upregulated,
YALI0F01518g,control_overexpressed,
YALI0F01540g,control_overexpressed,
YALI0F01562g,changed_regulation,
YALI0F01584g,control_overexpressed,
YALI0F01606g,control_overexpressed,
YALI0F01628g,control_overexpressed,
YALI0F01650g,control_overexpressed,
YALI0F01738g,control_overexpressed,
YALI0F01771g,control_upregulated,
YALI0F01903g,changed_regulation,
YALI0F01925g,control_overexpressed,
YALI0F01991g,changed_regulation,
YALI0F02013g,changed_regulation,
YALI0F02035g,changed_regulation,
YALI0F02046g,case_overexpressed,
YALI0F02057g,control_overexpressed,
YALI0F02079g,control_overexpressed,
YALI0F02123g,control_upregulated,
YALI0F02189g,case_overexpressed,
YALI0F02255g,changed_regulation,
YALI0F02299g,control_overexpressed,
YALI0F02343g,case_overexpressed,
YALI0F02475g,changed_regulation,
YALI0F02497g,changed_regulation,
YALI0F02673g,changed_regulation,
YALI0F02739g,changed_regulation,
YALI0F02805g,control_overexpressed,
YALI0F02849g,changed_regulation,
YALI0F02871g,control_overexpressed,
YALI0F02893g,changed_regulation,
YALI0F02937g,case_overexpressed,
YALI0F03069g,control_upregulated,
YALI0F03113g,control_overexpressed,
YALI0F03179g,changed_regulation,
YALI0F03300g,changed_regulation,
YALI0F03322g,changed_regulation,
YALI0F03388g,changed_regulation,Transcription_Factor
YALI0F03795g,changed_regulation,
YALI0F03817g,control_overexpressed,
YALI0F03883g,control_overexpressed,
YALI0F03949g,control_overexpressed,
YALI0F03971g,control_overexpressed,
YALI0F04015g,changed_regulation,
YALI0F04037g,changed_regulation,
YALI0F04081g,changed_regulation,
YALI0F04114g,control_upregulated,
YALI0F04169g,changed_regulation,
YALI0F04191g,changed_regulation,
YALI0F04213g,case_overexpressed,
YALI0F04268g,changed_regulation,
YALI0F04356g,control_overexpressed,
YALI0F04422g,changed_regulation,
YALI0F04543g,control_overexpressed,
YALI0F04620g,case_overexpressed,
YALI0F04642g,changed_regulation,
YALI0F04664g,changed_regulation,
YALI0F04686g,changed_regulation,
YALI0F04708g,changed_regulation,
YALI0F04818g,control_overexpressed,
YALI0F04884g,control_overexpressed,
YALI0F04972g,case_overexpressed,
YALI0F05016g,case_upregulated,
YALI0F05082g,changed_regulation,
YALI0F05104g,control_upregulated,Transcription_Factor
YALI0F05148g,control_overexpressed,
YALI0F05170g,changed_regulation,
YALI0F05236g,case_overexpressed,
YALI0F05258g,changed_regulation,
YALI0F05302g,changed_regulation,
YALI0F05346g,control_overexpressed,Transcription_Factor
YALI0F05390g,changed_regulation,
YALI0F05456g,control_overexpressed,
YALI0F05478g,control_overexpressed,
YALI0F05500g,control_upregulated,
YALI0F05522g,changed_regulation,
YALI0F05588g,control_upregulated,
YALI0F05654g,changed_regulation,
YALI0F05698g,control_overexpressed,
YALI0F05764g,changed_regulation,
YALI0F05808g,changed_regulation,
YALI0F05852g,control_overexpressed,
YALI0F05940g,changed_regulation,
YALI0F05984g,changed_regulation,
YALI0F06028g,control_overexpressed,
YALI0F06050g,control_upregulated,
YALI0F06061g,changed_regulation,
YALI0F06116g,changed_regulation,
YALI0F06138g,changed_regulation,
YALI0F06160g,changed_regulation,
YALI0F06182g,control_upregulated,
YALI0F06204g,control_overexpressed,
YALI0F06226g,changed_regulation,
YALI0F06248g,control_upregulated,
YALI0F06259g,control_overexpressed,
YALI0F06270g,control_upregulated,
YALI0F06292g,control_overexpressed,
YALI0F06336g,changed_regulation,
YALI0F06358g,control_overexpressed,
YALI0F06402g,changed_regulation,
YALI0F06468g,case_overexpressed,
YALI0F06512g,changed_regulation,
YALI0F06578g,case_upregulated,
YALI0F06622g,control_overexpressed,
YALI0F06644g,changed_regulation,
YALI0F06732g,control_upregulated,
YALI0F06754g,case_overexpressed,
YALI0F06791g,changed_regulation,
YALI0F06842g,control_overexpressed,
YALI0F06886g,changed_regulation,
YALI0F07018g,changed_regulation,
YALI0F07062g,case_overexpressed,
YALI0F07128g,case_overexpressed,
YALI0F07194g,control_overexpressed,
YALI0F07216g,case_overexpressed,
YALI0F07238g,control_overexpressed,
YALI0F07491g,control_overexpressed,
YALI0F07513g,control_overexpressed,
YALI0F07557g,changed_regulation,
YALI0F07601g,changed_regulation,
YALI0F07623g,control_overexpressed,
YALI0F07645g,control_overexpressed,
YALI0F07689g,control_overexpressed,
YALI0F07711g,case_overexpressed,
YALI0F07755g,control_upregulated,
YALI0F07821g,changed_regulation,
YALI0F07887g,control_overexpressed,
YALI0F07909g,changed_regulation,
YALI0F07953g,control_overexpressed,
YALI0F07975g,control_overexpressed,
YALI0F08063g,case_overexpressed,
YALI0F08217g,case_upregulated,
YALI0F08415g,case_overexpressed,
YALI0F08437g,control_upregulated,
YALI0F08503g,control_overexpressed,
YALI0F08679g,changed_regulation,
YALI0F08811g,control_overexpressed,
YALI0F08833g,control_overexpressed,
YALI0F08855g,control_overexpressed,
YALI0F08877g,control_upregulated,
YALI0F08921g,changed_regulation,
YALI0F08943g,control_overexpressed,
YALI0F08987g,changed_regulation,
YALI0F09009g,changed_regulation,
YALI0F09053g,control_overexpressed,
YALI0F09075g,case_overexpressed,
YALI0F09097g,case_overexpressed,
YALI0F09185g,case_overexpressed,
YALI0F09251g,changed_regulation,
YALI0F09295g,changed_regulation,
YALI0F09383g,changed_regulation,
YALI0F09405g,case_overexpressed,
YALI0F09449g,changed_regulation,
YALI0F09471g,changed_regulation,
YALI0F09493g,control_upregulated,
YALI0F09537g,case_overexpressed,
YALI0F09559g,changed_regulation,
YALI0F09625g,case_overexpressed,
YALI0F09746g,changed_regulation,
YALI0F09812g,control_overexpressed,
YALI0F09856g,changed_regulation,
YALI0F09878g,changed_regulation,
YALI0F10054g,control_overexpressed,
YALI0F10175g,changed_regulation,
YALI0F10197g,control_overexpressed,
YALI0F10307g,control_overexpressed,
YALI0F10461g,case_overexpressed,
YALI0F10527g,changed_regulation,
YALI0F10541g,changed_regulation,
YALI0F10615g,changed_regulation,
YALI0F10659g,control_overexpressed,
YALI0F10703g,case_upregulated,
YALI0F10725g,control_upregulated,
YALI0F10857g,control_overexpressed,
YALI0F10945g,control_upregulated,
YALI0F11011g,case_upregulated,Transcription_Factor
YALI0F11077g,changed_regulation,
YALI0F11253g,control_overexpressed,
YALI0F11275g,control_overexpressed,
YALI0F11319g,control_overexpressed,
YALI0F11341g,control_overexpressed,
YALI0F11407g,changed_regulation,
YALI0F11487g,control_overexpressed,Transcription_Factor
YALI0F11539g,control_overexpressed,
YALI0F11561g,changed_regulation,
YALI0F11583g,control_overexpressed,
YALI0F11605g,control_overexpressed,
YALI0F11627g,control_overexpressed,
YALI0F11803g,changed_regulation,
YALI0F11825g,control_overexpressed,
YALI0F11847g,changed_regulation,
YALI0F11891g,case_overexpressed,
YALI0F11935g,case_overexpressed,
YALI0F11979g,control_overexpressed,Transcription_Factor
YALI0F12067g,changed_regulation,
YALI0F12199g,control_overexpressed,
YALI0F12243g,control_overexpressed,
YALI0F12287g,changed_regulation,
YALI0F12331g,case_overexpressed,
YALI0F12353g,changed_regulation,
YALI0F12375g,control_overexpressed,Mutated_Gene
YALI0F12463g,changed_regulation,
YALI0F12529g,changed_regulation,
YALI0F12617g,control_overexpressed,
YALI0F12727g,control_overexpressed,
YALI0F12749g,changed_regulation,
YALI0F12793g,control_overexpressed,Mutated_Gene
YALI0F12837g,changed_regulation,
YALI0F12947g,case_overexpressed,
YALI0F13013g,changed_regulation,
YALI0F13035g,changed_regulation,
YALI0F13068g,control_upregulated,
YALI0F13101g,changed_regulation,
YALI0F13145g,control_upregulated,
YALI0F13233g,changed_regulation,
YALI0F13343g,changed_regulation,
YALI0F13354g,changed_regulation,
YALI0F13387g,control_upregulated,
YALI0F13607g,changed_regulation,
YALI0F13673g,changed_regulation,
YALI0F13695g,control_overexpressed,Transcription_Factor
YALI0F13717g,changed_regulation,
YALI0F13739g,control_overexpressed,
YALI0F13761g,case_overexpressed,
YALI0F13805g,changed_regulation,
YALI0F13849g,control_overexpressed,
YALI0F14135g,case_overexpressed,
YALI0F14179g,changed_regulation,
YALI0F14223g,case_upregulated,
YALI0F14245g,changed_regulation,
YALI0F14267g,case_overexpressed,
YALI0F14289g,changed_regulation,
YALI0F14355g,control_upregulated,
YALI0F14377g,changed_regulation,
YALI0F14421g,changed_regulation,
YALI0F14487g,changed_regulation,
YALI0F14509g,case_upregulated,
YALI0F14531g,control_overexpressed,
YALI0F14553g,control_overexpressed,
YALI0F14597g,control_upregulated,
YALI0F14663g,control_upregulated,
YALI0F14685g,case_overexpressed,
YALI0F14729g,control_upregulated,
YALI0F14773g,changed_regulation,
YALI0F14795g,case_overexpressed,
YALI0F14905g,control_overexpressed,
YALI0F14949g,case_overexpressed,
YALI0F15037g,changed_regulation,Transcription_Factor
YALI0F15147g,control_overexpressed,
YALI0F15169g,case_upregulated,Transcription_Factor
YALI0F15235g,control_upregulated,
YALI0F15279g,changed_regulation,
YALI0F15389g,case_upregulated,
YALI0F15433g,control_overexpressed,
YALI0F15477g,control_overexpressed,
YALI0F15587g,case_upregulated,
YALI0F15609g,case_overexpressed,
YALI0F15719g,changed_regulation,
YALI0F15763g,changed_regulation,
YALI0F15807g,changed_regulation,
YALI0F15895g,changed_regulation,
YALI0F15917g,changed_regulation,
YALI0F15939g,case_upregulated,
YALI0F16049g,changed_regulation,
YALI0F16071g,control_upregulated,
YALI0F16159g,changed_regulation,
YALI0F16181g,case_upregulated,
YALI0F16203g,control_upregulated,
YALI0F16379g,changed_regulation,
YALI0F16489g,case_overexpressed,
YALI0F16511g,case_overexpressed,Transcription_Factor
YALI0F16599g,control_overexpressed,Transcription_Factor
YALI0F16621g,changed_regulation,
YALI0F16643g,changed_regulation,
YALI0F16665g,case_upregulated,Mutated_Gene
YALI0F16709g,changed_regulation,
YALI0F16753g,case_overexpressed,
YALI0F16819g,case_overexpressed,
YALI0F16896g,case_overexpressed,
YALI0F16918g,case_overexpressed,
YALI0F16940g,case_upregulated,
YALI0F17050g,changed_regulation,
YALI0F17226g,control_overexpressed,
YALI0F17248g,control_upregulated,
YALI0F17292g,changed_regulation,
YALI0F17336g,control_upregulated,
YALI0F17380g,changed_regulation,
YALI0F17424g,changed_regulation,Transcription_Factor
YALI0F17468g,changed_regulation,Transcription_Factor
YALI0F17490g,case_upregulated,
YALI0F17534g,changed_regulation,
YALI0F17600g,control_upregulated,
YALI0F17622g,changed_regulation,
YALI0F17666g,control_overexpressed,
YALI0F17754g,case_overexpressed,
YALI0F17798g,changed_regulation,
YALI0F17820g,case_overexpressed,
YALI0F17842g,changed_regulation,
YALI0F17864g,control_upregulated,
YALI0F17886g,control_overexpressed,Transcription_Factor
YALI0F18040g,control_overexpressed,
YALI0F18084g,changed_regulation,
YALI0F18106g,changed_regulation,
YALI0F18150g,control_upregulated,
YALI0F18194g,changed_regulation,
YALI0F18216g,changed_regulation,
YALI0F18238g,control_upregulated,
YALI0F18282g,case_overexpressed,
YALI0F18326g,case_upregulated,
YALI0F18359g,changed_regulation,
YALI0F18414g,changed_regulation,
YALI0F18458g,changed_regulation,Transcription_Factor
YALI0F18480g,control_overexpressed,
YALI0F18502g,case_upregulated,
YALI0F18590g,case_upregulated,
YALI0F18656g,case_upregulated,
YALI0F18722g,changed_regulation,
YALI0F18744g,case_overexpressed,
YALI0F18788g,changed_regulation,Transcription_Factor
YALI0F18854g,control_upregulated,
YALI0F18964g,case_overexpressed,
YALI0F19140g,changed_regulation,
YALI0F19228g,control_overexpressed,
YALI0F19426g,control_overexpressed,
YALI0F19448g,changed_regulation,
YALI0F19470g,case_overexpressed,
YALI0F19492g,control_overexpressed,
YALI0F19558g,changed_regulation,
YALI0F19734g,control_overexpressed,
YALI0F19756g,control_upregulated,
YALI0F19800g,control_upregulated,
YALI0F19822g,case_overexpressed,Transcription_Factor
YALI0F19844g,changed_regulation,
YALI0F19866g,control_overexpressed,
YALI0F19910g,control_overexpressed,
YALI0F20108g,changed_regulation,
YALI0F20174g,case_overexpressed,
YALI0F20196g,changed_regulation,
YALI0F20240g,changed_regulation,
YALI0F20262g,changed_regulation,
YALI0F20284g,changed_regulation,
YALI0F20394g,control_overexpressed,
YALI0F20438g,changed_regulation,
YALI0F20504g,changed_regulation,
YALI0F20548g,changed_regulation,
YALI0F20592g,case_overexpressed,
YALI0F20614g,control_overexpressed,
YALI0F20636g,control_overexpressed,
YALI0F20658g,control_upregulated,
YALI0F20702g,case_upregulated,
YALI0F20724g,control_overexpressed,
YALI0F20746g,changed_regulation,
YALI0F20768g,changed_regulation,
YALI0F20790g,changed_regulation,
YALI0F20812g,changed_regulation,
YALI0F20834g,changed_regulation,
YALI0F20900g,control_upregulated,
YALI0F20966g,changed_regulation,
YALI0F21087g,control_overexpressed,
YALI0F21175g,control_upregulated,
YALI0F21219g,control_upregulated,
YALI0F21241g,control_overexpressed,
YALI0F21428g,case_overexpressed,
YALI0F21450g,control_overexpressed,
YALI0F21483g,changed_regulation,
YALI0F21615g,control_overexpressed,
YALI0F21659g,case_overexpressed,
YALI0F21813g,control_overexpressed,
YALI0F21835g,control_upregulated,
YALI0F21967g,changed_regulation,
YALI0F22077g,changed_regulation,
YALI0F22121g,control_overexpressed,
YALI0F22136g,control_upregulated,
YALI0F22165g,changed_regulation,
YALI0F22187g,changed_regulation,
YALI0F22209g,case_upregulated,
YALI0F22231g,case_overexpressed,
YALI0F22363g,control_overexpressed,
YALI0F22367g,control_overexpressed,
YALI0F22451g,case_overexpressed,
YALI0F22495g,control_overexpressed,
YALI0F22517g,case_overexpressed,
YALI0F22561g,case_upregulated,
YALI0F22583g,control_overexpressed,
YALI0F22693g,case_upregulated,
YALI0F22737g,changed_regulation,
YALI0F22803g,control_upregulated,
YALI0F22825g,changed_regulation,
YALI0F22847g,changed_regulation,
YALI0F22935g,control_overexpressed,
YALI0F22957g,control_overexpressed,
YALI0F23045g,control_overexpressed,Transcription_Factor
YALI0F23221g,case_overexpressed,
YALI0F23353g,case_overexpressed,
YALI0F23507g,changed_regulation,
YALI0F23529g,control_upregulated,
YALI0F23551g,case_overexpressed,
YALI0F23573g,changed_regulation,
YALI0F23595g,changed_regulation,
YALI0F23661g,case_overexpressed,
YALI0F23683g,control_overexpressed,
YALI0F23727g,control_overexpressed,
YALI0F23749g,changed_regulation,
YALI0F23793g,case_upregulated,
YALI0F23815g,control_overexpressed,
YALI0F23837g,case_overexpressed,
YALI0F23991g,control_overexpressed,
YALI0F24013g,control_upregulated,
YALI0F24145g,changed_regulation,
YALI0F24167g,changed_regulation,
YALI0F24255g,case_overexpressed,
YALI0F24277g,changed_regulation,
YALI0F24299g,case_overexpressed,
YALI0F24365g,control_upregulated,
YALI0F24541g,changed_regulation,
YALI0F24585g,changed_regulation,
YALI0F24651g,control_overexpressed,
YALI0F24673g,changed_regulation,
YALI0F24761g,changed_regulation,
YALI0F24783g,control_upregulated,
YALI0F24871g,control_upregulated,
YALI0F24915g,changed_regulation,
YALI0F24959g,changed_regulation,
YALI0F25003g,case_overexpressed,
YALI0F25047g,changed_regulation,
YALI0F25069g,control_overexpressed,
YALI0F25091g,control_overexpressed,
YALI0F25113g,changed_regulation,Transcription_Factor
YALI0F25201g,changed_regulation,
YALI0F25223g,control_upregulated,
YALI0F25245g,control_upregulated,
YALI0F25267g,changed_regulation,
YALI0F25399g,changed_regulation,
YALI0F25421g,control_upregulated,
YALI0F25487g,changed_regulation,
YALI0F25509g,changed_regulation,
YALI0F25575g,changed_regulation,
YALI0F25619g,control_overexpressed,
YALI0F25663g,control_overexpressed,
YALI0F25685g,case_overexpressed,
YALI0F25707g,case_overexpressed,
YALI0F25729g,case_overexpressed,
YALI0F26015g,changed_regulation,
YALI0F26059g,control_upregulated,
YALI0F26081g,case_upregulated,
YALI0F26103g,control_overexpressed,
YALI0F26125g,changed_regulation,
YALI0F26136g,control_upregulated,
YALI0F26169g,control_overexpressed,
YALI0F26191g,case_upregulated,
YALI0F26213g,control_overexpressed,
YALI0F26323g,case_overexpressed,
YALI0F26389g,changed_regulation,
YALI0F26411g,control_overexpressed,
YALI0F26433g,control_overexpressed,
YALI0F26499g,case_upregulated,
YALI0F26521g,changed_regulation,
YALI0F26543g,changed_regulation,
YALI0F26565g,control_overexpressed,
YALI0F26609g,control_overexpressed,
YALI0F26631g,control_upregulated,
YALI0F26653g,changed_regulation,
YALI0F26675g,control_overexpressed,
YALI0F26697g,control_overexpressed,
YALI0F26719g,changed_regulation,
YALI0F26785g,case_overexpressed,
YALI0F26873g,control_overexpressed,
YALI0F26917g,changed_regulation,
YALI0F26983g,changed_regulation,
YALI0F27027g,case_overexpressed,
YALI0F27071g,changed_regulation,
YALI0F27269g,case_upregulated,
YALI0F27313g,changed_regulation,
YALI0F27335g,control_overexpressed,
YALI0F27379g,case_upregulated,
YALI0F27445g,control_overexpressed,
YALI0F27467g,control_upregulated,
YALI0F27489g,control_overexpressed,
YALI0F27511g,control_overexpressed,
YALI0F27577g,changed_regulation,
YALI0F27731g,control_overexpressed,
YALI0F27753g,control_overexpressed,
YALI0F27775g,control_upregulated,
YALI0F27929g,control_overexpressed,
YALI0F27995g,control_overexpressed,
YALI0F28105g,control_upregulated,
YALI0F28171g,changed_regulation,
YALI0F28347g,control_upregulated,
YALI0F28391g,control_overexpressed,
YALI0F28457g,control_overexpressed,
YALI0F28479g,control_overexpressed,
YALI0F28523g,changed_regulation,
YALI0F29073g,control_overexpressed,
YALI0F29095g,control_overexpressed,
YALI0F29183g,control_upregulated,
YALI0F29205g,changed_regulation,
YALI0F29227g,control_overexpressed,
YALI0F29249g,changed_regulation,
YALI0F29359g,changed_regulation,
YALI0F29513g,changed_regulation,
YALI0F29623g,control_overexpressed,
YALI0F29678g,control_upregulated,
YALI0F29821g,changed_regulation,
YALI0F29909g,changed_regulation,
YALI0F29931g,control_upregulated,
YALI0F29975g,control_overexpressed,
YALI0F30019g,changed_regulation,
YALI0F30041g,changed_regulation,
YALI0F30063g,case_overexpressed,
YALI0F30085g,control_upregulated,
YALI0F30107g,case_overexpressed,
YALI0F30173g,changed_regulation,
YALI0F30239g,changed_regulation,
YALI0F30261g,changed_regulation,
YALI0F30349g,changed_regulation,
YALI0F30371g,changed_regulation,
YALI0F30426g,control_upregulated,
YALI0F30437g,case_overexpressed,
YALI0F30459g,changed_regulation,
YALI0F30547g,case_overexpressed,
YALI0F30613g,changed_regulation,
YALI0F30635g,changed_regulation,
YALI0F30657g,case_upregulated,
YALI0F30679g,control_overexpressed,
YALI0F30833g,control_overexpressed,
YALI0F30877g,control_overexpressed,
YALI0F30921g,control_overexpressed,
YALI0F30943g,changed_regulation,
YALI0F30987g,changed_regulation,
YALI0F31031g,changed_regulation,
YALI0F31075g,case_overexpressed,
YALI0F31097g,control_overexpressed,
YALI0F31119g,case_upregulated,
YALI0F31185g,case_upregulated,
YALI0F31273g,changed_regulation,
YALI0F31295g,control_overexpressed,
YALI0F31317g,changed_regulation,
YALI0F31339g,changed_regulation,
YALI0F31383g,control_upregulated,
YALI0F31405g,changed_regulation,
YALI0F31493g,changed_regulation,
YALI0F31548g,control_overexpressed,
YALI0F31559g,control_upregulated,
YALI0F31581g,case_overexpressed,
YALI0F31603g,control_overexpressed,
YALI0F31625g,control_overexpressed,
YALI0F31669g,control_upregulated,
YALI0F31735g,changed_regulation,
YALI0F31911g,changed_regulation,
YALI0F31977g,control_overexpressed,
YALI0F31999g,changed_regulation,
YALI0F32021g,control_overexpressed,
YALI0F32065g,control_overexpressed,
